-- MySQL dump 10.13  Distrib 8.0.16, for Linux (x86_64)
--
-- Host: localhost    Database: crowdfounding
-- ------------------------------------------------------
-- Server version	8.0.16

/*!40101 SET @OLD_CHARACTER_SET_CLIENT=@@CHARACTER_SET_CLIENT */;
/*!40101 SET @OLD_CHARACTER_SET_RESULTS=@@CHARACTER_SET_RESULTS */;
/*!40101 SET @OLD_COLLATION_CONNECTION=@@COLLATION_CONNECTION */;
 SET NAMES utf8mb4 ;
/*!40103 SET @OLD_TIME_ZONE=@@TIME_ZONE */;
/*!40103 SET TIME_ZONE='+00:00' */;
/*!40014 SET @OLD_UNIQUE_CHECKS=@@UNIQUE_CHECKS, UNIQUE_CHECKS=0 */;
/*!40014 SET @OLD_FOREIGN_KEY_CHECKS=@@FOREIGN_KEY_CHECKS, FOREIGN_KEY_CHECKS=0 */;
/*!40101 SET @OLD_SQL_MODE=@@SQL_MODE, SQL_MODE='NO_AUTO_VALUE_ON_ZERO' */;
/*!40111 SET @OLD_SQL_NOTES=@@SQL_NOTES, SQL_NOTES=0 */;

--
-- Table structure for table `sys_dept`
--

DROP TABLE IF EXISTS `sys_dept`;
/*!40101 SET @saved_cs_client     = @@character_set_client */;
 SET character_set_client = utf8mb4 ;
CREATE TABLE `sys_dept` (
  `id` bigint(20) NOT NULL AUTO_INCREMENT COMMENT '主键',
  `pid` bigint(20) NOT NULL COMMENT '夫部门id',
  `deptName` varchar(100) CHARACTER SET utf8 COLLATE utf8_general_ci NOT NULL COMMENT '部门名称',
  `sort` decimal(10,2) DEFAULT NULL COMMENT '排序',
  `createTime` datetime DEFAULT NULL COMMENT '创建时间',
  `remarks` varchar(32) DEFAULT NULL COMMENT '备注',
  PRIMARY KEY (`id`) USING BTREE
) ENGINE=InnoDB AUTO_INCREMENT=9 DEFAULT CHARSET=utf8 ROW_FORMAT=DYNAMIC COMMENT='部门表';
/*!40101 SET character_set_client = @saved_cs_client */;

--
-- Dumping data for table `sys_dept`
--

LOCK TABLES `sys_dept` WRITE;
/*!40000 ALTER TABLE `sys_dept` DISABLE KEYS */;
INSERT INTO `sys_dept` VALUES (1,0,'产品部',1.00,NULL,'产品部'),(2,0,'总销售部',2.00,NULL,'总销售部'),(3,0,'test部门',3.00,NULL,'test部门'),(4,1,'cpb',1.00,NULL,NULL),(6,3,'测试部门',1.00,NULL,NULL),(8,2,'销售部',1.00,NULL,NULL);
/*!40000 ALTER TABLE `sys_dept` ENABLE KEYS */;
UNLOCK TABLES;

--
-- Table structure for table `sys_dict`
--

DROP TABLE IF EXISTS `sys_dict`;
/*!40101 SET @saved_cs_client     = @@character_set_client */;
 SET character_set_client = utf8mb4 ;
CREATE TABLE `sys_dict` (
  `id` bigint(64) NOT NULL AUTO_INCREMENT COMMENT '编号',
  `name` varchar(100) CHARACTER SET utf8 COLLATE utf8_bin DEFAULT NULL COMMENT '标签名',
  `value` varchar(100) CHARACTER SET utf8 COLLATE utf8_bin DEFAULT NULL COMMENT '数据值',
  `dictState` int(11) DEFAULT NULL COMMENT '1 启用  -1 禁用',
  `type` int(11) DEFAULT NULL COMMENT '1 字典类型  2 类型对应值',
  `sort` decimal(10,2) DEFAULT NULL COMMENT '排序（升序）',
  `dictType` varchar(64) CHARACTER SET utf8 COLLATE utf8_bin DEFAULT '0' COMMENT '字典类型',
  `createBy` varchar(64) CHARACTER SET utf8 COLLATE utf8_bin DEFAULT NULL COMMENT '创建者',
  `createTime` datetime DEFAULT NULL COMMENT '创建时间',
  `updateBy` varchar(64) CHARACTER SET utf8 COLLATE utf8_bin DEFAULT NULL COMMENT '更新者',
  `updateTime` datetime DEFAULT NULL COMMENT '更新时间',
  `remarks` varchar(255) CHARACTER SET utf8 COLLATE utf8_bin DEFAULT NULL COMMENT '备注信息',
  `delFlag` char(1) CHARACTER SET utf8 COLLATE utf8_bin DEFAULT '0' COMMENT '删除标记 0 存在 1 删除',
  PRIMARY KEY (`id`) USING BTREE,
  KEY `sys_dict_value` (`value`) USING BTREE,
  KEY `sys_dict_label` (`name`) USING BTREE,
  KEY `sys_dict_del_flag` (`delFlag`) USING BTREE
) ENGINE=InnoDB AUTO_INCREMENT=142 DEFAULT CHARSET=utf8 COLLATE=utf8_bin ROW_FORMAT=DYNAMIC COMMENT='字典表';
/*!40101 SET character_set_client = @saved_cs_client */;

--
-- Dumping data for table `sys_dict`
--

LOCK TABLES `sys_dict` WRITE;
/*!40000 ALTER TABLE `sys_dict` DISABLE KEYS */;
INSERT INTO `sys_dict` VALUES (123,'启用状态','state',1,1,1.00,NULL,'admin','2019-06-29 16:20:21','admin','2019-06-30 15:52:26','1 启用  -1 禁用','0'),(133,'启用','1',1,2,0.00,'state','admin','2019-06-30 15:41:45','admin','2019-06-30 15:48:35','启用','0'),(134,'禁用','-1',1,2,1.00,'state','admin','2019-06-30 15:48:17','admin','2019-06-30 15:48:32','禁用','0'),(135,'爱好','hobby',1,1,2.00,'0','admin','2019-06-30 15:49:16','admin','2019-07-07 12:33:36','swim 游泳 playball 打球。。。','0'),(136,'打球','playball',1,2,0.00,'hobby','admin','2019-06-30 15:49:43','admin','2019-06-30 15:50:18','','0'),(138,'菜单类型','menuType',1,1,0.10,'0','admin','2019-07-07 12:33:25','admin','2019-07-07 12:33:31','','0'),(139,'目录','1',1,2,NULL,'menuType','admin','2019-07-07 12:33:46',NULL,NULL,'','0'),(140,'菜单','2',1,2,NULL,'menuType','admin','2019-07-07 12:33:54',NULL,NULL,'','0'),(141,'按钮','3',1,2,NULL,'menuType','admin','2019-07-07 12:33:58',NULL,NULL,'','0');
/*!40000 ALTER TABLE `sys_dict` ENABLE KEYS */;
UNLOCK TABLES;

--
-- Table structure for table `sys_log`
--

DROP TABLE IF EXISTS `sys_log`;
/*!40101 SET @saved_cs_client     = @@character_set_client */;
 SET character_set_client = utf8mb4 ;
CREATE TABLE `sys_log` (
  `id` varchar(50) CHARACTER SET utf8 COLLATE utf8_general_ci NOT NULL COMMENT '主键',
  `userName` varchar(50) CHARACTER SET utf8 COLLATE utf8_general_ci NOT NULL COMMENT '用户',
  `operation` varchar(300) CHARACTER SET utf8 COLLATE utf8_general_ci DEFAULT NULL COMMENT '日志',
  `moduleName` varchar(255) CHARACTER SET utf8 COLLATE utf8_general_ci DEFAULT NULL COMMENT '模块名称',
  `url` varchar(300) CHARACTER SET utf8 COLLATE utf8_general_ci DEFAULT NULL COMMENT '地址',
  `requestParams` text CHARACTER SET utf8 COLLATE utf8_general_ci COMMENT '参数',
  `createTime` datetime DEFAULT NULL COMMENT '日志时间',
  `remarks` varchar(32) DEFAULT NULL COMMENT '备注',
  PRIMARY KEY (`id`) USING BTREE
) ENGINE=InnoDB DEFAULT CHARSET=utf8 ROW_FORMAT=DYNAMIC COMMENT='日志表';
/*!40101 SET character_set_client = @saved_cs_client */;

--
-- Dumping data for table `sys_log`
--

LOCK TABLES `sys_log` WRITE;
/*!40000 ALTER TABLE `sys_log` DISABLE KEYS */;
INSERT INTO `sys_log` VALUES ('01012a293ba348ccb1bbc71d2361d470','admin','查询','部门管理','/crowdfounding-web/system/dept/list','{\"_r\":\"0.5768722778308444\",\"deptName\":[\"\"]}','2019-06-30 09:16:05',NULL),('011a9a9cbedf455788214da61a00e154','admin','查询','菜单管理','/crowdfounding-web/system/menu/list','{\"_r\":\"0.42894082424159197\",\"menuName\":[\"\"],\"type\":[\"\"]}','2019-07-07 12:37:55',NULL),('0139e0e8815845449c882c0a361e99e0','admin','查询','角色管理','/crowdfounding-web/system/role/list','{\"_r\":\"0.9473626364541625\",\"sortName\":\"createTime\",\"sortOrder\":\"desc\",\"pageSize\":\"10\",\"pageNumber\":\"1\",\"roleName\":[\"\"],\"roleState\":[\"\"],\"startTime\":[\"\"],\"endTime\":[\"\"]}','2019-07-07 10:03:55',NULL),('01c4c3f1e1a746fbae1232fabaacc3c4','admin','查询','菜单管理','/crowdfounding-web/system/menu/list','{\"_r\":\"0.15077935961084155\",\"menuName\":[\"\"],\"type\":\"2\"}','2019-07-07 14:04:24',NULL),('0243c3d543294a9caaa974a2bf3a547c','admin','查询','菜单管理','/crowdfounding-web/system/menu/list','{\"_r\":\"0.32682357301949727\",\"menuName\":[\"\"],\"type\":[\"\"]}','2019-07-07 12:27:52',NULL),('03f5b431797d4997a0eac745e1d2f2e9','admin','查询','角色管理','/crowdfounding-web/system/role/list','{\"_r\":\"0.5582148440020371\",\"sortName\":\"createTime\",\"sortOrder\":\"desc\",\"pageSize\":\"10\",\"pageNumber\":\"1\",\"roleName\":[\"\"],\"roleState\":[\"\"],\"startTime\":[\"\"],\"endTime\":[\"\"]}','2019-07-07 12:27:37',NULL),('051966055798484c94341dd986bd55b9','admin','查询','用户管理','/crowdfounding-web/system/user/list','{\"sortName\":\"createTime\",\"sortOrder\":\"desc\",\"pageSize\":\"10\",\"pageNumber\":\"1\",\"deptId\":[\"\"],\"userName\":[\"\"],\"userState\":[\"\"],\"startTime\":[\"\"],\"endTime\":[\"\"]}','2019-07-07 15:14:40',NULL),('092a7f7bd98d4e4cb6764f6a938494e8','admin','查询','用户管理','/crowdfounding-web/system/user/list','{\"sortName\":\"createTime\",\"sortOrder\":\"desc\",\"pageSize\":\"10\",\"pageNumber\":\"1\",\"deptId\":[\"\"],\"userName\":[\"\"],\"userState\":[\"\"],\"startTime\":[\"\"],\"endTime\":[\"\"]}','2019-07-07 12:23:57',NULL),('0a0cf535cca94b46bbc6a6f5ea1b95bb','admin','查询','用户管理','/crowdfounding-web/system/user/list','{\"sortName\":\"createTime\",\"sortOrder\":\"desc\",\"pageSize\":\"10\",\"pageNumber\":\"1\",\"deptId\":[\"\"],\"userName\":[\"\"],\"userState\":[\"\"],\"startTime\":[\"\"],\"endTime\":\"2019-07-17\"}','2019-07-07 11:55:03',NULL),('0ad34d7470e5441e9ad12f4cce821701','admin','查询','部门管理','/crowdfounding-web/system/dept/list','{\"_r\":\"0.6060970362308695\",\"deptName\":[\"\"]}','2019-06-30 09:35:33',NULL),('0afdad625bff4466991204d83f6cd167','admin','查询','用户管理','/crowdfounding-web/system/user/list','{\"sortName\":\"userName\",\"sortOrder\":\"asc\",\"pageSize\":\"10\",\"pageNumber\":\"1\",\"deptId\":\"8\",\"userName\":\"admin\",\"userState\":\"1\"}','2019-06-20 03:34:38',NULL),('0b707bfd82aa4193bdeab8634c67f93a','admin','查询','系统首页','/crowdfounding-web/main','{}','2019-06-20 06:43:53',NULL),('0d251551f30c4053a0f8ef19c5cc0aae','admin','查询','部门管理','/crowdfounding-web/system/dept/list','{\"_r\":\"0.1231564752879164\",\"deptName\":[\"\"]}','2019-07-07 12:27:55',NULL),('0d4a30d6def246329451b06c5da85ff4','admin','新建','菜单管理','/crowdfounding-web/system/menu/addSave','{\"pid\":\"0\",\"pName\":\"顶级节点\",\"type\":\"1\",\"menuName\":\"系统工具\",\"url\":[\"\"],\"resource\":[\"\"],\"sort\":\"4\",\"icon\":\"fa fa-wrench\"}','2019-07-07 14:12:32',NULL),('0dfaada5c6ab422488d8ec8e8b4d1795','admin','查询','用户管理','/crowdfounding-web/system/user/list','{\"sortName\":\"createTime\",\"sortOrder\":\"desc\",\"pageSize\":\"10\",\"pageNumber\":\"1\",\"deptId\":[\"\"],\"userName\":[\"\"],\"userState\":[\"\"]}','2019-06-30 09:14:28',NULL),('110223bd29e140bb93a1f8886e6efb54','admin','查询','用户管理','/crowdfounding-web/system/user/list','{\"sortName\":\"createTime\",\"sortOrder\":\"desc\",\"pageSize\":\"10\",\"pageNumber\":\"1\",\"deptId\":[\"\"],\"userName\":[\"\"],\"userState\":[\"\"]}','2019-06-30 09:05:43',NULL),('111362cb39044b3dbde22147e045b74f','admin','查询','用户管理','/crowdfounding-web/system/user/list','{\"sortName\":\"createTime\",\"sortOrder\":\"desc\",\"pageSize\":\"10\",\"pageNumber\":\"1\",\"deptId\":[\"\"],\"userName\":[\"\"],\"userState\":[\"\"],\"startTime\":[\"\"],\"endTime\":[\"\"]}','2019-07-07 12:28:34',NULL),('1482d8a1045246c3b196e3cc2bc9ad3a','admin','查询','用户管理','/crowdfounding-web/system/user/list','{\"sortName\":\"createTime\",\"sortOrder\":\"desc\",\"pageSize\":\"10\",\"pageNumber\":\"1\",\"deptId\":[\"\"],\"userName\":[\"\"],\"userState\":[\"\"],\"startTime\":[\"\"],\"endTime\":[\"\"]}','2019-07-07 12:30:56',NULL),('14a9058699a34bd08f741762893965db','admin','查询','菜单管理','/crowdfounding-web/system/menu/list','{\"_r\":\"0.6910825426723981\",\"menuName\":[\"\"],\"type\":[\"\"]}','2019-06-30 09:35:53',NULL),('14bf9865546e414bb45a2de7ea75a8da','admin','查询','菜单管理','/crowdfounding-web/system/menu/list','{\"_r\":\"0.15867310719281136\",\"menuName\":[\"\"],\"type\":[\"\"]}','2019-06-30 09:13:29',NULL),('14cc0137c3474d9c80393aebe546ed53','admin','查询','菜单管理','/crowdfounding-web/system/menu/list','{\"_r\":\"0.8507633443138498\",\"menuName\":[\"\"],\"type\":[\"\"]}','2019-07-07 12:34:05',NULL),('14d25ff579994e7a9d48a7ff4f13abd1','admin','查询','系统首页','/crowdfounding-web/main','{}','2019-06-20 06:46:46',NULL),('15262398553b4dc78c65eca22a5fd313','admin','查询','用户管理','/crowdfounding-web/system/user/list','{\"sortName\":\"createTime\",\"sortOrder\":\"desc\",\"pageSize\":\"10\",\"pageNumber\":\"1\",\"deptId\":[\"\"],\"userName\":[\"\"],\"userState\":[\"\"],\"startTime\":[\"\"],\"endTime\":[\"\"]}','2019-07-07 12:25:49',NULL),('164625827c51425590adc55b530ef6b0','admin','查询','用户管理','/crowdfounding-web/system/user/list','{\"sortName\":\"createTime\",\"sortOrder\":\"desc\",\"pageSize\":\"10\",\"pageNumber\":\"1\",\"deptId\":[\"\"],\"userName\":[\"\"],\"userState\":[\"\"],\"startTime\":[\"\"],\"endTime\":[\"\"]}','2019-07-07 12:30:22',NULL),('17d73eefd9424f2d8ae5ada0da82d3b1','admin','查询','角色管理','/crowdfounding-web/system/role/list','{\"_r\":\"0.46009057456723257\",\"sortName\":\"createTime\",\"sortOrder\":\"desc\",\"pageSize\":\"10\",\"pageNumber\":\"1\",\"roleName\":[\"\"],\"roleState\":[\"\"],\"startTime\":[\"\"],\"endTime\":[\"\"]}','2019-07-07 12:23:58',NULL),('18cf848f4ec1422abca4a2781173ba57','admin','查询','菜单管理','/crowdfounding-web/system/menu/list','{\"_r\":\"0.4644150150624162\",\"menuName\":[\"\"],\"type\":[\"\"]}','2019-07-07 13:57:24',NULL),('18f0bd8ce089457e80ff90365598c994','admin','查询','部门管理','/crowdfounding-web/system/dept/list','{\"_r\":\"0.5344152031435727\",\"deptName\":[\"\"]}','2019-07-07 12:25:03',NULL),('1a7c25791b91436b8424caf580501224','admin','查询','角色管理','/crowdfounding-web/system/role/list','{\"_r\":\"0.29229613960612455\",\"sortName\":\"createTime\",\"sortOrder\":\"desc\",\"pageSize\":\"10\",\"pageNumber\":\"1\",\"roleName\":[\"\"],\"roleState\":[\"\"],\"startTime\":[\"\"],\"endTime\":[\"\"]}','2019-07-07 15:14:57',NULL),('1e2fc98368734347a0052bdc36fe11c9','admin','查询','菜单管理','/crowdfounding-web/system/menu/list','{\"_r\":\"0.14688010390078388\",\"menuName\":[\"\"],\"type\":\"1,2\"}','2019-07-07 13:57:01',NULL),('1f11e5b7e7064dd4b1f915706f20733c','admin','查询','用户管理','/crowdfounding-web/system/user/list','{\"sortName\":\"createTime\",\"sortOrder\":\"desc\",\"pageSize\":\"10\",\"pageNumber\":\"1\",\"deptId\":[\"\"],\"userName\":[\"\"],\"userState\":[\"\"]}','2019-06-27 08:39:35',NULL),('1f2a0d291a4140d78da1427d82e0c737','admin','查询','系统登陆','/crowdfounding-web/home/doLogin',NULL,'2019-07-07 10:56:55',NULL),('203e23c7987f46659b57e6a948e66605','admin','查询','角色管理','/crowdfounding-web/system/role/list','{\"_r\":\"0.40198756239923505\",\"sortName\":\"createTime\",\"sortOrder\":\"desc\",\"pageSize\":\"10\",\"pageNumber\":\"1\",\"roleName\":[\"\"],\"roleState\":[\"\"]}','2019-06-30 09:13:30',NULL),('20e08b33ff3640a6b1406bc78b7c3ee5','admin','更新','角色管理','/crowdfounding-web/system/role/editSave','{\"id\":\"c4e182e62aca4d48a6c9b1a897551d73\",\"roleName\":\"测试角色\",\"roleState\":\"1\",\"roleStateSwicth\":\"on\",\"remarks\":\"测试角色\",\"menuIds\":\"52,53,54,55,50,22\"}','2019-07-07 12:25:32',NULL),('229351b4cabc4e0aaf0bbbd055cd87a8','admin','查询','菜单管理','/crowdfounding-web/system/menu/list','{\"_r\":\"0.819351216500195\",\"menuName\":[\"\"],\"type\":\"1\"}','2019-07-07 13:56:48',NULL),('2336b4dfeae2422482977ef37f90b18c','admin','更新','用户管理','/crowdfounding-web/system/user/editSave','{\"id\":\"c79ba431f9f74dfbae585b87b0cde933\",\"password\":\"038bdaf98f2037b31f1e75b5b4c9b26e\",\"userName\":\"admin\",\"deptId\":\"4\",\"deptName\":\"cpb1\",\"userState\":\"1\",\"userStateSwicth\":\"on\",\"roleIds\":\"7aedf9931d8a4ff3bc46c46e811a2304,b1f9ce5543a049be9f169a3f5e6b72a8\",\"roleId\":[\"7aedf9931d8a4ff3bc46c46e811a2304\",\"b1f9ce5543a049be9f169a3f5e6b72a8\"]}','2019-06-20 08:41:03',NULL),('2384d3ef4b29423d92ddcca50116daa4','admin','查询','菜单管理','/crowdfounding-web/system/menu/list','{\"_r\":\"0.5298886834786423\",\"menuName\":[\"\"],\"type\":[\"\"]}','2019-07-07 14:05:03',NULL),('239f8701246442d8886237755f98dbe3','admin','查询','用户管理','/crowdfounding-web/system/user/list','{\"sortName\":\"createTime\",\"sortOrder\":\"desc\",\"pageSize\":\"10\",\"pageNumber\":\"1\",\"deptId\":[\"\"],\"userName\":[\"\"],\"userState\":[\"\"]}','2019-06-27 09:03:04',NULL),('23ae0e318a1147ee89d45abd7e273991','admin','查询','用户管理','/crowdfounding-web/system/user/list','{\"sortName\":\"createTime\",\"sortOrder\":\"desc\",\"pageSize\":\"10\",\"pageNumber\":\"1\",\"deptId\":[\"\"],\"userName\":[\"\"],\"userState\":[\"\"],\"startTime\":[\"\"],\"endTime\":[\"\"]}','2019-07-07 12:56:35',NULL),('24a86eb2ba504723b94af62abbe6fa19','admin','查询','菜单管理','/crowdfounding-web/system/menu/list','{\"_r\":\"0.7379720819864886\",\"menuName\":[\"\"],\"type\":[\"\"]}','2019-07-07 12:34:34',NULL),('2578a7dd39bb4613bd3a1eb539b5836d','admin','查询','用户管理','/crowdfounding-web/system/user/list','{\"sortName\":\"createTime\",\"sortOrder\":\"desc\",\"pageSize\":\"10\",\"pageNumber\":\"1\",\"deptId\":[\"\"],\"userName\":[\"\"],\"userState\":[\"\"]}','2019-06-27 09:02:52',NULL),('2643a9749bc34d58b5e437fca207a978','admin','查询','菜单管理','/crowdfounding-web/system/menu/list','{\"_r\":\"0.4631775548971666\",\"menuName\":[\"\"],\"type\":\",1\"}','2019-07-07 14:00:45',NULL),('278476e06ffc42ccabcaa3a44f9a3d33','admin','查询','菜单管理','/crowdfounding-web/system/menu/list','{\"_r\":\"0.855701512106668\",\"menuName\":[\"\"],\"type\":[\"\"]}','2019-07-07 12:25:57',NULL),('296349551aa24319b39fc42fcf96531c','admin','查询','角色管理','/crowdfounding-web/system/role/list','{\"_r\":\"0.5931362059282153\",\"sortName\":\"createTime\",\"sortOrder\":\"desc\",\"pageSize\":\"10\",\"pageNumber\":\"1\",\"roleName\":[\"\"],\"roleState\":[\"\"],\"startTime\":[\"\"],\"endTime\":[\"\"]}','2019-07-07 14:00:33',NULL),('2a42324600b44033af03e285c3c36bb0','admin','查询','菜单管理','/crowdfounding-web/system/menu/list','{\"_r\":\"0.9261814792033407\",\"menuName\":[\"\"],\"type\":\"1\"}','2019-07-07 14:05:05',NULL),('2ae319a960b2469ca814650fa0500d85','admin','查询','用户管理','/crowdfounding-web/system/user/list','{\"sortName\":\"createTime\",\"sortOrder\":\"desc\",\"pageSize\":\"10\",\"pageNumber\":\"1\",\"deptId\":[\"\"],\"userName\":[\"\"],\"userState\":[\"\"],\"startTime\":[\"\"],\"endTime\":[\"\"]}','2019-07-07 11:56:29',NULL),('2ba8b83937a8423898bedf9d00a8ca0e','admin','查询','用户管理','/crowdfounding-web/system/user/list','{\"sortName\":\"createTime\",\"sortOrder\":\"desc\",\"pageSize\":\"10\",\"pageNumber\":\"1\",\"deptId\":[\"\"],\"userName\":[\"\"],\"userState\":[\"\"]}','2019-06-30 09:03:24',NULL),('2d7f737951cb43caa17ec696d214ff2e','admin','查询','角色管理','/crowdfounding-web/system/role/list','{\"_r\":\"0.9717718985952091\",\"sortName\":\"createTime\",\"sortOrder\":\"desc\",\"pageSize\":\"10\",\"pageNumber\":\"1\",\"roleName\":[\"\"],\"roleState\":[\"\"],\"startTime\":\"2019-07-02\",\"endTime\":[\"\"]}','2019-07-07 12:07:17',NULL),('2f061a4143f14a6db82777a457415b5f','admin','查询','用户管理','/crowdfounding-web/system/user/list','{\"sortName\":\"createTime\",\"sortOrder\":\"desc\",\"pageSize\":\"10\",\"pageNumber\":\"1\",\"deptId\":[\"\"],\"userName\":[\"\"],\"userState\":[\"\"]}','2019-06-20 06:44:02',NULL),('2f30927efa46440b9da5dc3c52d95f4b','admin','查询','用户管理','/crowdfounding-web/system/user/list','{\"sortName\":\"createTime\",\"sortOrder\":\"desc\",\"pageSize\":\"10\",\"pageNumber\":\"1\",\"deptId\":[\"\"],\"userName\":[\"\"],\"userState\":[\"\"],\"startTime\":[\"\"],\"endTime\":[\"\"]}','2019-07-07 10:56:59',NULL),('2f89b57287a54555a0b8edafae546b94','admin','查询','用户管理','/crowdfounding-web/system/user/list','{\"sortName\":\"createTime\",\"sortOrder\":\"desc\",\"pageSize\":\"10\",\"pageNumber\":\"1\",\"deptId\":[\"\"],\"userName\":[\"\"],\"userState\":[\"\"]}','2019-06-30 09:16:25',NULL),('30459571ffb7444a93ef65e5dccded6e','admin','查询','系统登陆','/crowdfounding-web/home/doLogin',NULL,'2019-06-30 08:28:05',NULL),('3095fb5135584cb7a58bc067e928d150','admin','查询','菜单管理','/crowdfounding-web/system/menu/list','{\"_r\":\"0.7645056080811228\",\"menuName\":[\"\"],\"type\":\"1,2\"}','2019-07-07 14:04:57',NULL),('30d72457bc874f97849db837d99a70e0','admin','查询','用户管理','/crowdfounding-web/system/user/list','{\"sortName\":\"createTime\",\"sortOrder\":\"desc\",\"pageSize\":\"10\",\"pageNumber\":\"1\",\"deptId\":[\"\"],\"userName\":[\"\"],\"userState\":[\"\"],\"startTime\":[\"\"],\"endTime\":[\"\"]}','2019-07-07 11:56:28',NULL),('347ed031aaaa4fdf8631fdf34a052dde','admin','查询','菜单管理','/crowdfounding-web/system/menu/list','{\"_r\":\"0.6002908043448083\",\"menuName\":[\"\"],\"type\":[\"\"]}','2019-06-30 07:51:52',NULL),('36319adf0e604cc093f9d8aae5e51ed8','admin','查询','用户管理','/crowdfounding-web/system/user/list','{\"sortName\":\"createTime\",\"sortOrder\":\"desc\",\"pageSize\":\"10\",\"pageNumber\":\"1\",\"deptId\":[\"\"],\"userName\":[\"\"],\"userState\":[\"\"]}','2019-06-30 07:51:27',NULL),('36f5e76bf9da436b8484573af4a2cbb9','admin','查询','部门管理','/crowdfounding-web/system/dept/list','{\"_r\":\"0.7287273441958586\",\"deptName\":[\"\"]}','2019-07-07 12:33:05',NULL),('38a92f6dcf9d439ab66531d4bc2f6d16','admin','查询','用户管理','/crowdfounding-web/system/user/list','{\"sortName\":\"userName\",\"sortOrder\":\"asc\",\"pageSize\":\"10\",\"pageNumber\":\"1\",\"deptId\":\"8\",\"userName\":\"admin\",\"userState\":\"1\"}','2019-06-20 03:34:30',NULL),('38bc191bdf7344468a8e29f3589a472e','admin','查询','用户管理','/crowdfounding-web/system/user/list','{\"sortName\":\"createTime\",\"sortOrder\":\"desc\",\"pageSize\":\"10\",\"pageNumber\":\"1\",\"deptId\":\"4\",\"userName\":[\"\"],\"userState\":[\"\"]}','2019-06-20 06:25:38',NULL),('38c22604b55d49fb985b4520211cbf11','admin','查询','菜单管理','/crowdfounding-web/system/menu/list','{\"_r\":\"0.5285703763051741\",\"menuName\":[\"\"],\"type\":\"3\"}','2019-07-07 12:34:41',NULL),('3952cfdb05d24db49bf6a0ff7ec35e38','admin','查询','系统登陆','/crowdfounding-web/home/doLogin','{\"userName\":\"admin\",\"password\":\"123456\"}','2019-06-20 08:40:06',NULL),('39a3b35947214af684d36d2f44cab6f9','admin','查询','用户管理','/crowdfounding-web/system/user/list','{\"sortName\":\"createTime\",\"sortOrder\":\"desc\",\"pageSize\":\"10\",\"pageNumber\":\"1\",\"deptId\":[\"\"],\"userName\":[\"\"],\"userState\":[\"\"],\"startTime\":[\"\"],\"endTime\":[\"\"]}','2019-07-07 12:06:51',NULL),('39f9ac9b72124bb4b72841aa767f7cec','admin','查询','部门管理','/crowdfounding-web/system/dept/list','{\"_r\":\"0.42089120341458\",\"deptName\":[\"\"]}','2019-06-30 07:51:32',NULL),('3a08f83df90d4649990cd6a43ef169ca','admin','查询','用户管理','/crowdfounding-web/system/user/list','{\"sortName\":\"createTime\",\"sortOrder\":\"desc\",\"pageSize\":\"10\",\"pageNumber\":\"1\",\"deptId\":[\"\"],\"userName\":[\"\"],\"userState\":[\"\"],\"startTime\":\"2019-07-02\",\"endTime\":[\"\"]}','2019-07-07 11:55:00',NULL),('3a3e3cc25f8f47ccbe466377faf48f48','admin','更新','用户管理','/crowdfounding-web/system/user/editSave','{\"id\":\"c79ba431f9f74dfbae585b87b0cde933\",\"password\":\"038bdaf98f2037b31f1e75b5b4c9b26e\",\"userName\":\"admin\",\"deptId\":\"4\",\"deptName\":\"cpb\",\"userState\":\"1\",\"userStateSwicth\":\"on\",\"roleIds\":\"7aedf9931d8a4ff3bc46c46e811a2304,b1f9ce5543a049be9f169a3f5e6b72a8,ca904d80931f4c368ac1c0919d16b6ae\",\"roleId\":[\"7aedf9931d8a4ff3bc46c46e811a2304\",\"b1f9ce5543a049be9f169a3f5e6b72a8\",\"ca904d80931f4c368ac1c0919d16b6ae\"],\"remarks\":\"普通员工   超级管理员   测试角色   管理员\"}','2019-07-07 12:31:21',NULL),('3bc12224c073466583172c17fc0be9a9','admin','查询','用户管理','/crowdfounding-web/system/user/list','{\"sortName\":\"createTime\",\"sortOrder\":\"desc\",\"pageSize\":\"10\",\"pageNumber\":\"1\",\"deptId\":[\"\"],\"userName\":[\"\"],\"userState\":[\"\"]}','2019-06-27 13:46:53',NULL),('3c21d888f86e442d9dddf3c63a5dc369','admin','查询','菜单管理','/crowdfounding-web/system/menu/list','{\"_r\":\"0.24532801958599282\",\"menuName\":[\"\"],\"type\":[\"\"]}','2019-07-07 13:57:29',NULL),('3ce42bef24ce4292b1d9a6d1c2548fa0','admin','查询','菜单管理','/crowdfounding-web/system/menu/list','{\"_r\":\"0.5334513523227082\",\"menuName\":[\"\"],\"type\":[\"\"]}','2019-07-07 14:12:32',NULL),('3d5b879f9ea344ce83e93705ae130a73','admin','查询','菜单管理','/crowdfounding-web/system/menu/list','{\"_r\":\"0.18840353663070375\",\"menuName\":[\"\"],\"type\":[\"\"]}','2019-07-07 14:00:42',NULL),('3d920ae5da9546c5bf7221f90403c084','admin','查询','菜单管理','/crowdfounding-web/system/menu/list','{\"_r\":\"0.5937422648204262\",\"menuName\":[\"\"],\"type\":[\"\"]}','2019-07-07 14:12:01',NULL),('3de0dd6dce554a8bb7c6f953525c9e5f','admin','查询','用户管理','/crowdfounding-web/system/user/list','{\"sortName\":\"createTime\",\"sortOrder\":\"desc\",\"pageSize\":\"10\",\"pageNumber\":\"1\",\"deptId\":[\"\"],\"userName\":[\"\"],\"userState\":[\"\"]}','2019-06-30 09:35:32',NULL),('3e273ca77ae246bda1dd56eaefd7980b','admin','查询','菜单管理','/crowdfounding-web/system/menu/list','{\"_r\":\"0.7473026025249581\",\"menuName\":[\"\"],\"type\":[\"\"]}','2019-07-07 12:34:49',NULL),('3ee93174355e4c848318b35ed6a2d1c1','admin','查询','角色管理','/crowdfounding-web/system/role/list','{\"_r\":\"0.01714408174349802\",\"sortName\":\"createTime\",\"sortOrder\":\"desc\",\"pageSize\":\"10\",\"pageNumber\":\"1\",\"roleName\":[\"\"],\"roleState\":[\"\"],\"startTime\":[\"\"],\"endTime\":[\"\"]}','2019-07-07 12:11:38',NULL),('3f2f594759694a12a86bdfced9985521','admin','查询','部门管理','/crowdfounding-web/system/dept/list','{\"_r\":\"0.9809733375618173\",\"deptName\":[\"\"]}','2019-07-07 12:25:14',NULL),('3ff26ce6bab243508718a3b637f48efa','admin','查询','用户管理','/crowdfounding-web/system/user/list','{\"sortName\":\"createTime\",\"sortOrder\":\"desc\",\"pageSize\":\"10\",\"pageNumber\":\"1\",\"deptId\":[\"\"],\"userName\":[\"\"],\"userState\":[\"\"],\"startTime\":[\"\"],\"endTime\":[\"\"]}','2019-07-07 12:06:55',NULL),('3ffb6ecccbc74b32ae6e3bc01d3148cc','admin','查询','用户管理','/crowdfounding-web/system/user/list','{\"sortName\":\"createTime\",\"sortOrder\":\"desc\",\"pageSize\":\"10\",\"pageNumber\":\"1\",\"deptId\":[\"\"],\"userName\":[\"\"],\"userState\":[\"\"],\"startTime\":[\"\"],\"endTime\":[\"\"]}','2019-07-07 12:27:24',NULL),('40b85220210647d898722b9dba5bfbc7','admin','查询','菜单管理','/crowdfounding-web/system/menu/list','{\"_r\":\"0.6393151841623854\",\"menuName\":[\"\"],\"type\":\"2\"}','2019-07-07 12:34:43',NULL),('4105a55f0ff04842b94ef42eaaaced23','admin','查询','角色管理','/crowdfounding-web/system/role/list','{\"_r\":\"0.5582148440020371\",\"sortName\":\"createTime\",\"sortOrder\":\"desc\",\"pageSize\":\"10\",\"pageNumber\":\"1\",\"roleName\":[\"\"],\"roleState\":[\"\"],\"startTime\":[\"\"],\"endTime\":[\"\"]}','2019-07-07 12:27:46',NULL),('4212007ead834d4ab0879b19e16838ef','admin','查询','用户管理','/crowdfounding-web/system/user/list','{\"sortName\":\"createTime\",\"sortOrder\":\"desc\",\"pageSize\":\"10\",\"pageNumber\":\"1\",\"deptId\":[\"\"],\"userName\":[\"\"],\"userState\":[\"\"]}','2019-06-20 04:29:36',NULL),('42cbe04bc77f482683ceb9104ea72dc6','admin','查询','角色管理','/crowdfounding-web/system/role/list','{\"_r\":\"0.29697899859519516\",\"sortName\":\"createTime\",\"sortOrder\":\"desc\",\"pageSize\":\"10\",\"pageNumber\":\"1\",\"roleName\":[\"\"],\"roleState\":[\"\"],\"startTime\":[\"\"],\"endTime\":[\"\"]}','2019-07-07 13:48:22',NULL),('42cd0c86cfb04bdeb0b15b014f54fd0a','admin','查询','部门管理','/crowdfounding-web/system/dept/list','{\"_r\":\"0.9028956861838846\",\"deptName\":[\"\"]}','2019-06-30 09:13:22',NULL),('45428cd0cd37422b86f42c78ac38c24f','admin','查询','角色管理','/crowdfounding-web/system/role/list','{\"_r\":\"0.9717718985952091\",\"sortName\":\"createTime\",\"sortOrder\":\"desc\",\"pageSize\":\"10\",\"pageNumber\":\"1\",\"roleName\":[\"\"],\"roleState\":[\"\"],\"startTime\":\"2019-07-07\",\"endTime\":[\"\"]}','2019-07-07 12:07:04',NULL),('455101735b204c889d9ca01dd4546ea3','admin','查询','菜单管理','/crowdfounding-web/system/menu/list','{\"_r\":\"0.35799341116943584\",\"menuName\":[\"\"],\"type\":[\"\"]}','2019-07-07 13:42:29',NULL),('45677c60ee0e4db1951121ae03ac1d67','admin','查询','菜单管理','/crowdfounding-web/system/menu/list','{\"_r\":\"0.7845903568429025\",\"menuName\":[\"\"],\"type\":[\"\"]}','2019-07-07 12:38:13',NULL),('45bccc711cf04edb81744e766653ce07','admin','查询','系统登陆','/crowdfounding-web/home/doLogin',NULL,'2019-06-30 07:51:24',NULL),('475a93211a50461db202ca87aabb0ab9','admin','更新','部门管理','/crowdfounding-web/system/dept/editSave','{\"id\":\"2\",\"pid\":\"0\",\"pName\":\"顶级节点\",\"deptName\":\"总销售部\",\"remarks\":\"总销售部\",\"sort\":\"2.00\"}','2019-07-07 12:25:09',NULL),('47d8f402e2c2419ba1319d8d53a5d250','admin','查询','系统登陆','/crowdfounding-web/home/doLogin',NULL,'2019-07-07 11:56:26',NULL),('48ddff1f80cd42c89ee608bd9ce1cab8','admin','查询','系统首页','/crowdfounding-web/main','{}','2019-06-20 07:46:59',NULL),('490e146962c140d5a025de1a1c6703d9','admin','查询','用户管理','/crowdfounding-web/system/user/list','{\"sortName\":\"createTime\",\"sortOrder\":\"desc\",\"pageSize\":\"10\",\"pageNumber\":\"1\",\"userState\":\"1\"}','2019-06-20 03:33:30',NULL),('497d727bdebd4e2d839bc808ffe85b78','admin','查询','用户管理','/crowdfounding-web/system/user/list','{\"sortName\":\"createTime\",\"sortOrder\":\"desc\",\"pageSize\":\"10\",\"pageNumber\":\"1\",\"deptId\":[\"\"],\"userName\":[\"\"],\"userState\":[\"\"],\"startTime\":[\"\"],\"endTime\":[\"\"]}','2019-07-07 11:56:31',NULL),('4b1cdef6f3ed496e8806471c0b28836f','admin','查询','系统首页','/crowdfounding-web/main','{}','2019-06-20 06:05:06',NULL),('4b7642b765184e7991841823edb0fc56','admin','查询','用户管理','/crowdfounding-web/system/user/list','{\"sortName\":\"createTime\",\"sortOrder\":\"desc\",\"pageSize\":\"10\",\"pageNumber\":\"1\",\"deptId\":[\"\"],\"userName\":[\"\"],\"userState\":[\"\"]}','2019-06-20 06:21:39',NULL),('4bb8eaf5828647b0b415709be51f2048','admin','查询','用户管理','/crowdfounding-web/system/user/list','{\"sortName\":\"createTime\",\"sortOrder\":\"desc\",\"pageSize\":\"10\",\"pageNumber\":\"1\",\"deptId\":[\"\"],\"userName\":[\"\"],\"userState\":[\"\"],\"startTime\":[\"\"],\"endTime\":[\"\"]}','2019-07-07 12:07:39',NULL),('4c33c2a7b45b4e0bb3c31b880b577731','admin','查询','部门管理','/crowdfounding-web/system/dept/list','{\"_r\":\"0.6896435999795281\",\"deptName\":[\"\"]}','2019-06-30 09:03:45',NULL),('4c69a7cb4b9543db9e3a049a92b1356f','admin','查询','角色管理','/crowdfounding-web/system/role/list','{\"_r\":\"0.5582148440020371\",\"sortName\":\"createTime\",\"sortOrder\":\"desc\",\"pageSize\":\"10\",\"pageNumber\":\"1\",\"roleName\":[\"\"],\"roleState\":[\"\"],\"startTime\":[\"\"],\"endTime\":[\"\"]}','2019-07-07 12:27:49',NULL),('4d6982cfcb74464788371d0d4417c5ee','admin','查询','菜单管理','/crowdfounding-web/system/menu/list','{\"_r\":\"0.7044972978598765\",\"menuName\":[\"\"],\"type\":[\"\"]}','2019-07-07 14:12:40',NULL),('4dc9233abdf4461ba6d0797fd0edb1f1','admin','查询','菜单管理','/crowdfounding-web/system/menu/list','{\"_r\":\"0.7073475962371203\",\"menuName\":[\"\"],\"type\":\"1\"}','2019-07-07 14:04:55',NULL),('510cf4e83d0f4eaf91c49552c35f70aa','admin','查询','用户管理','/crowdfounding-web/system/user/list','{\"sortName\":\"createTime\",\"sortOrder\":\"desc\",\"pageSize\":\"10\",\"pageNumber\":\"1\",\"deptId\":[\"\"],\"userName\":[\"\"],\"userState\":[\"\"]}','2019-06-30 06:04:41',NULL),('5164c088d94b40c2b6a8a5880822b2ab','admin','查询','角色管理','/crowdfounding-web/system/role/list','{\"_r\":\"0.9717718985952091\",\"sortName\":\"createTime\",\"sortOrder\":\"desc\",\"pageSize\":\"10\",\"pageNumber\":\"1\",\"roleName\":[\"\"],\"roleState\":[\"\"],\"startTime\":[\"\"],\"endTime\":[\"\"]}','2019-07-07 12:07:00',NULL),('51cc739f90684873922345d4812cf700','admin','查询','角色管理','/crowdfounding-web/system/role/list','{\"_r\":\"0.9717718985952091\",\"sortName\":\"createTime\",\"sortOrder\":\"desc\",\"pageSize\":\"10\",\"pageNumber\":\"1\",\"roleName\":[\"\"],\"roleState\":[\"\"],\"startTime\":[\"\"],\"endTime\":[\"\"]}','2019-07-07 12:07:18',NULL),('530c7c118bbc45b580d4cad5f2f3a8f3','admin','查询','角色管理','/crowdfounding-web/system/role/list','{\"_r\":\"0.33107344259743465\",\"sortName\":\"createTime\",\"sortOrder\":\"desc\",\"pageSize\":\"10\",\"pageNumber\":\"1\",\"roleName\":[\"\"],\"roleState\":[\"\"],\"startTime\":[\"\"],\"endTime\":[\"\"]}','2019-07-07 10:56:59',NULL),('54e01c0e70ad47adba80bc10e78f0bc4','admin','查询','用户管理','/crowdfounding-web/system/user/list','{\"sortName\":\"createTime\",\"sortOrder\":\"desc\",\"pageSize\":\"10\",\"pageNumber\":\"1\",\"deptId\":[\"\"],\"userName\":[\"\"],\"userState\":[\"\"],\"startTime\":\"2019-07-05\",\"endTime\":[\"\"]}','2019-07-07 12:06:54',NULL),('55ad991bee104307b7a10a12997acd77','admin','查询','用户管理','/crowdfounding-web/system/user/list','{\"sortName\":\"createTime\",\"sortOrder\":\"desc\",\"pageSize\":\"10\",\"pageNumber\":\"1\",\"deptId\":[\"\"],\"userName\":[\"\"],\"userState\":[\"\"]}','2019-06-20 06:06:33',NULL),('5700d0047c4848f58e1069d36c10f7e4','admin','查询','角色管理','/crowdfounding-web/system/role/list','{\"_r\":\"0.29229613960612455\",\"sortName\":\"createTime\",\"sortOrder\":\"desc\",\"pageSize\":\"10\",\"pageNumber\":\"1\",\"roleName\":[\"\"],\"roleState\":[\"\"],\"startTime\":[\"\"],\"endTime\":[\"\"]}','2019-07-07 15:14:51',NULL),('58d876d6ad054545b8cc884a1d511794','admin','查询','用户管理','/crowdfounding-web/system/user/list','{\"sortName\":\"createTime\",\"sortOrder\":\"desc\",\"pageSize\":\"10\",\"pageNumber\":\"1\",\"deptId\":[\"\"],\"userName\":[\"\"],\"userState\":[\"\"],\"startTime\":[\"\"],\"endTime\":[\"\"]}','2019-07-07 09:41:02',NULL),('5975d6fe8c5d4700b95d92893288587e','admin','更新','角色管理','/crowdfounding-web/system/role/editSave','{\"id\":\"ca904d80931f4c368ac1c0919d16b6ae\",\"roleName\":\"管理员\",\"roleState\":\"1\",\"roleStateSwicth\":\"on\",\"remarks\":\"管理员\",\"menuIds\":\"14,22,46,40,45,52,53,54,55,50,12,37,39,35\"}','2019-07-07 12:25:39',NULL),('5986360baf4e4b779bc0f9ab1650a53d','admin','查询','部门管理','/crowdfounding-web/system/dept/list','{\"_r\":\"0.28274714266360124\",\"deptName\":[\"\"]}','2019-07-07 12:24:00',NULL),('5998c6ddaf974f869854c4850f9e5085','admin','查询','角色管理','/crowdfounding-web/system/role/list','{\"_r\":\"0.9717718985952091\",\"sortName\":\"createTime\",\"sortOrder\":\"desc\",\"pageSize\":\"10\",\"pageNumber\":\"1\",\"roleName\":[\"\"],\"roleState\":[\"\"],\"startTime\":[\"\"],\"endTime\":[\"\"]}','2019-07-07 12:07:09',NULL),('5a91eb0fd41a4fc29a97afc7c10b22b4','admin','查询','用户管理','/crowdfounding-web/system/user/list','{\"sortName\":\"createTime\",\"sortOrder\":\"desc\",\"pageSize\":\"10\",\"pageNumber\":\"1\",\"deptId\":[\"\"],\"userName\":[\"\"],\"userState\":[\"\"]}','2019-06-30 08:28:18',NULL),('5a9a43922e6943d284e9b76f330590fb','admin','查询','部门管理','/crowdfounding-web/system/dept/list','{\"_r\":\"0.7379586752076426\",\"deptName\":[\"\"]}','2019-06-30 09:14:42',NULL),('5b3c2d246f7a48ebb358a5198638d59c','admin','查询','系统首页','/crowdfounding-web/main','{}','2019-06-20 05:44:15',NULL),('5d1b01c9e74f4e6c89df0bf0df481d61','admin','查询','用户管理','/crowdfounding-web/system/user/list','{\"sortName\":\"createTime\",\"sortOrder\":\"desc\",\"pageSize\":\"10\",\"pageNumber\":\"1\",\"deptId\":[\"\"],\"userName\":[\"\"],\"userState\":[\"\"]}','2019-06-20 06:21:51',NULL),('5fbbd3ae9e1b45a4bd575abbfabc0024','admin','查询','用户管理','/crowdfounding-web/system/user/list','{\"sortName\":\"createTime\",\"sortOrder\":\"desc\",\"pageSize\":\"10\",\"pageNumber\":\"1\",\"deptId\":[\"\"],\"userName\":[\"\"],\"userState\":[\"\"],\"startTime\":[\"\"],\"endTime\":[\"\"]}','2019-07-07 12:11:38',NULL),('60a093c94af24156964a879faf9b1884','admin','查询','菜单管理','/crowdfounding-web/system/menu/list','{\"_r\":\"0.324493866304995\",\"menuName\":[\"\"],\"type\":\"1\"}','2019-07-07 12:34:39',NULL),('60c87499bbd84fa294c99f8f7211b2be','admin','查询','用户管理','/crowdfounding-web/system/user/list','{\"sortName\":\"userName\",\"sortOrder\":\"asc\",\"pageSize\":\"10\",\"pageNumber\":\"1\",\"userState\":\"1\"}','2019-06-20 03:33:57',NULL),('634d6012db074223862a28538e10d8d6','admin','查询','用户管理','/crowdfounding-web/system/user/list','{\"sortName\":\"createTime\",\"sortOrder\":\"desc\",\"pageSize\":\"10\",\"pageNumber\":\"1\",\"deptId\":[\"\"],\"userName\":[\"\"],\"userState\":[\"\"],\"startTime\":[\"\"],\"endTime\":[\"\"]}','2019-07-07 11:54:58',NULL),('63874ef802574505a9e55abf3b346982','admin','查询','用户管理','/crowdfounding-web/system/user/list','{\"sortName\":\"createTime\",\"sortOrder\":\"desc\",\"pageSize\":\"10\",\"pageNumber\":\"1\",\"deptId\":[\"\"],\"userName\":[\"\"],\"userState\":[\"\"]}','2019-06-20 08:40:10',NULL),('64e0437576e34c8e832b6f1caef30375','admin','更新','菜单管理','/crowdfounding-web/system/menu/editSave','{\"id\":\"56\",\"pid\":\"0\",\"pName\":\"顶级节点\",\"type\":\"1\",\"menuName\":\"系统工具\",\"url\":[\"\"],\"resource\":[\"\"],\"sort\":\"4\",\"icon\":\"fa fa-wrench\"}','2019-07-07 14:13:08',NULL),('65a2e90148944c399e636371095a1371','admin','查询','部门管理','/crowdfounding-web/system/dept/list','{\"_r\":\"0.14281036427255045\",\"deptName\":[\"\"]}','2019-06-30 09:06:59',NULL),('6d2bb7c51e0c4e889ff5623f8e3f66f0','admin','查询','用户管理','/crowdfounding-web/system/user/list','{\"sortName\":\"createTime\",\"sortOrder\":\"desc\",\"pageSize\":\"10\",\"pageNumber\":\"1\",\"deptId\":[\"\"],\"userName\":[\"\"],\"userState\":[\"\"]}','2019-06-30 09:11:22',NULL),('6e436883832d4c4c8e038336e33a09c6','admin','查询','菜单管理','/crowdfounding-web/system/menu/list','{\"_r\":\"0.5350061930898644\",\"menuName\":[\"\"],\"type\":[\"\"]}','2019-07-07 09:41:09',NULL),('71b2438bd18c4ea4a2d14a80359a9b6b','admin','查询','部门管理','/crowdfounding-web/system/dept/list','{\"_r\":\"0.8526550394466561\",\"deptName\":[\"\"]}','2019-06-30 09:06:05',NULL),('730070c1314f4e06abc50c9d3119a15e','admin','更新','部门管理','/crowdfounding-web/system/dept/editSave','{\"id\":\"3\",\"pid\":\"0\",\"pName\":\"顶级节点\",\"deptName\":\"test部门\",\"remarks\":\"test部门\",\"sort\":\"3.00\"}','2019-07-07 12:25:14',NULL),('7398a80605b94161bf336bb47c32f895','admin','查询','菜单管理','/crowdfounding-web/system/menu/list','{\"_r\":\"0.1160108939631721\",\"menuName\":[\"\"],\"type\":[\"\"]}','2019-07-07 10:03:45',NULL),('74b5aad38d7046ecacf1312390569b43','admin','查询','菜单管理','/crowdfounding-web/system/menu/list','{\"_r\":\"0.4666598624386573\",\"menuName\":[\"\"],\"type\":[\"\"]}','2019-07-07 10:57:00',NULL),('7606fca0f58e4e09bf83ee39843ae57f','admin','查询','角色管理','/crowdfounding-web/system/role/list','{\"_r\":\"0.5582148440020371\",\"sortName\":\"createTime\",\"sortOrder\":\"desc\",\"pageSize\":\"10\",\"pageNumber\":\"1\",\"roleName\":[\"\"],\"roleState\":[\"\"],\"startTime\":[\"\"],\"endTime\":[\"\"]}','2019-07-07 12:27:50',NULL),('76ef9b01ce7b4a4289d264417087dbca','admin','查询','用户管理','/crowdfounding-web/system/user/list','{\"sortName\":\"userName\",\"sortOrder\":\"asc\",\"pageSize\":\"10\",\"pageNumber\":\"1\",\"deptId\":\"8\",\"userName\":\"admin\",\"userState\":\"1\"}','2019-06-20 03:34:29',NULL),('7774702a161c477298fafaa293a40767','admin','查询','用户管理','/crowdfounding-web/system/user/list','{\"sortName\":\"createTime\",\"sortOrder\":\"desc\",\"pageSize\":\"10\",\"pageNumber\":\"1\",\"deptId\":[\"\"],\"userName\":[\"\"],\"userState\":[\"\"]}','2019-06-20 05:44:18',NULL),('778a245b99b64bf6913fd0704979ad75','admin','查询','用户管理','/crowdfounding-web/system/user/list','{\"sortName\":\"createTime\",\"sortOrder\":\"desc\",\"pageSize\":\"10\",\"pageNumber\":\"1\",\"deptId\":[\"\"],\"userName\":[\"\"],\"userState\":[\"\"]}','2019-06-30 09:16:02',NULL),('7909344548e94ab887752304ea34328b','admin','查询','系统首页','/crowdfounding-web/main','{}','2019-06-20 06:25:26',NULL),('791072ed4708441dae4717357d5a63ae','admin','查询','用户管理','/crowdfounding-web/system/user/list','{\"sortName\":\"createTime\",\"sortOrder\":\"desc\",\"pageSize\":\"10\",\"pageNumber\":\"1\",\"deptId\":[\"\"],\"userName\":[\"\"],\"userState\":[\"\"],\"startTime\":[\"\"],\"endTime\":[\"\"]}','2019-07-07 12:32:00',NULL),('793b5f3cf68642c58575dbcc0326a31a','admin','更新','用户管理','/crowdfounding-web/system/user/editSave','{\"id\":\"c79ba431f9f74dfbae585b87b0cde933\",\"password\":\"038bdaf98f2037b31f1e75b5b4c9b26e\",\"userName\":\"admin\",\"deptId\":\"1\",\"deptName\":\"产品部\",\"userState\":\"1\",\"userStateSwicth\":\"on\",\"roleIds\":\"7aedf9931d8a4ff3bc46c46e811a2304,b1f9ce5543a049be9f169a3f5e6b72a8\",\"roleId\":[\"7aedf9931d8a4ff3bc46c46e811a2304\",\"b1f9ce5543a049be9f169a3f5e6b72a8\"]}','2019-06-20 06:21:39',NULL),('79c2934cd0d2430085f5e50eb9692766','admin','查询','部门管理','/crowdfounding-web/system/dept/list','{\"_r\":\"0.6434050899890851\",\"deptName\":[\"\"]}','2019-06-30 09:16:27',NULL),('7b2830b17cd549d98e7bd67c362175d5','admin','查询','菜单管理','/crowdfounding-web/system/menu/list','{\"_r\":\"0.7548325860415332\",\"menuName\":[\"\"],\"type\":\"1,2\"}','2019-07-07 14:05:06',NULL),('7b30374942904e73b7c53de1e755f492','admin','查询','角色管理','/crowdfounding-web/system/role/list','{\"_r\":\"0.9780291626905067\",\"sortName\":\"createTime\",\"sortOrder\":\"desc\",\"pageSize\":\"10\",\"pageNumber\":\"1\",\"roleName\":[\"\"],\"roleState\":[\"\"],\"startTime\":[\"\"],\"endTime\":[\"\"]}','2019-07-07 12:38:42',NULL),('7c2c4551ac0646c88ceef27b13c33266','admin','查询','系统登陆','/crowdfounding-web/home/doLogin',NULL,'2019-06-30 06:04:39',NULL),('7d0688a0460a435e967656d8608736c3','admin','查询','系统首页','/crowdfounding-web/main','{}','2019-06-20 04:32:22',NULL),('7d186bda7a0a41a08ad0e621382af84c','admin','查询','用户管理','/crowdfounding-web/system/user/list','{\"sortName\":\"createTime\",\"sortOrder\":\"desc\",\"pageSize\":\"10\",\"pageNumber\":\"1\",\"deptId\":[\"\"],\"userName\":[\"\"],\"userState\":[\"\"]}','2019-06-30 09:13:19',NULL),('7f122238bd42457280ed4f8e88074bd1','admin','查询','用户管理','/crowdfounding-web/system/user/list','{\"sortName\":\"createTime\",\"sortOrder\":\"desc\",\"pageSize\":\"10\",\"pageNumber\":\"1\",\"deptId\":[\"\"],\"userName\":[\"\"],\"userState\":[\"\"],\"startTime\":[\"\"],\"endTime\":[\"\"]}','2019-07-07 12:27:26',NULL),('7f8d9a3cc3fa4589a92fd296dee9abe0','admin','查询','菜单管理','/crowdfounding-web/system/menu/list','{\"_r\":\"0.7004691226627484\",\"menuName\":[\"\"],\"type\":[\"\"]}','2019-07-07 12:38:42',NULL),('7fd4ae7b95dc4a9fae4ab02892020fc2','admin','查询','菜单管理','/crowdfounding-web/system/menu/list','{\"_r\":\"0.4831054472560061\",\"menuName\":[\"\"],\"type\":[\"\"]}','2019-07-07 12:34:38',NULL),('7fd9342a2108449591bd68b1fd5a82a9','admin','查询','角色管理','/crowdfounding-web/system/role/list','{\"_r\":\"0.3638154004044456\",\"sortName\":\"createTime\",\"sortOrder\":\"desc\",\"pageSize\":\"10\",\"pageNumber\":\"1\",\"roleName\":[\"\"],\"roleState\":[\"\"]}','2019-06-30 07:52:41',NULL),('808c479af25e4f748fb56a9868d588f3','admin','查询','系统首页','/crowdfounding-web/main','{}','2019-06-20 04:29:23',NULL),('8138b8a226284b2b999f9bb6df863aad','admin','查询','用户管理','/crowdfounding-web/system/user/list','{\"sortName\":\"createTime\",\"sortOrder\":\"desc\",\"pageSize\":\"10\",\"pageNumber\":\"1\",\"deptId\":[\"\"],\"userName\":[\"\"],\"userState\":[\"\"]}','2019-06-30 03:36:47',NULL),('81bcc14b772e4495a71186f8e4946543','admin','查询','角色管理','/crowdfounding-web/system/role/list','{\"_r\":\"0.9109807652666984\",\"sortName\":\"createTime\",\"sortOrder\":\"desc\",\"pageSize\":\"10\",\"pageNumber\":\"1\",\"roleName\":[\"\"],\"roleState\":[\"\"],\"startTime\":[\"\"],\"endTime\":[\"\"]}','2019-07-07 14:12:53',NULL),('827851f242094044814d4637c8b19bff','admin','查询','菜单管理','/crowdfounding-web/system/menu/list','{\"_r\":\"0.5930337625488111\",\"menuName\":[\"\"],\"type\":\"2\"}','2019-07-07 14:00:39',NULL),('85c3a187982a4c579dbac1371f5a36f1','admin','查询','角色管理','/crowdfounding-web/system/role/list','{\"_r\":\"0.9717718985952091\",\"sortName\":\"createTime\",\"sortOrder\":\"desc\",\"pageSize\":\"10\",\"pageNumber\":\"1\",\"roleName\":[\"\"],\"roleState\":[\"\"],\"startTime\":\"2019-07-07\",\"endTime\":[\"\"]}','2019-07-07 12:07:21',NULL),('88e38691d07647039f45e88dff9d554f','admin','查询','菜单管理','/crowdfounding-web/system/menu/list','{\"_r\":\"0.6709166664697956\",\"menuName\":[\"\"],\"type\":\"2,3\"}','2019-07-07 14:04:40',NULL),('89f24ca9b0c6455ea39e1b905e5f9987','admin','查询','用户管理','/crowdfounding-web/system/user/list','{\"sortName\":\"createTime\",\"sortOrder\":\"desc\",\"pageSize\":\"10\",\"pageNumber\":\"1\",\"deptId\":[\"\"],\"userName\":[\"\"],\"userState\":[\"\"]}','2019-06-30 07:53:16',NULL),('8be3e6d5c25c490d89ab41ace236fdc3','admin','查询','用户管理','/crowdfounding-web/system/user/list','{\"sortName\":\"createTime\",\"sortOrder\":\"desc\",\"pageSize\":\"10\",\"pageNumber\":\"1\",\"deptId\":[\"\"],\"userName\":[\"\"],\"userState\":[\"\"],\"startTime\":[\"\"],\"endTime\":[\"\"]}','2019-07-07 12:31:16',NULL),('8c034cca503e4fd98cd09b6c2562d5b4','admin','查询','菜单管理','/crowdfounding-web/system/menu/list','{\"_r\":\"0.4803214784272045\",\"menuName\":[\"\"],\"type\":[\"\"]}','2019-07-07 13:41:36',NULL),('8c8c6376b50341acbaf87c99920cd06e','admin','查询','菜单管理','/crowdfounding-web/system/menu/list','{\"_r\":\"0.5519459845097534\",\"menuName\":[\"\"],\"type\":[\"\"]}','2019-07-07 14:19:15',NULL),('8c9f55f463644186b8c6e7f8e9edf56e','admin','查询','菜单管理','/crowdfounding-web/system/menu/list','{\"_r\":\"0.6661761284223922\",\"menuName\":[\"\"],\"type\":[\"\"]}','2019-07-07 14:04:51',NULL),('8e99373535844afeb1c24b9c42798ac1','admin','查询','角色管理','/crowdfounding-web/system/role/list','{\"_r\":\"0.3638154004044456\",\"sortName\":\"createTime\",\"sortOrder\":\"desc\",\"pageSize\":\"10\",\"pageNumber\":\"1\",\"roleName\":[\"\"],\"roleState\":[\"\"]}','2019-06-30 07:52:35',NULL),('9039c5303e6f4a148e815e72f0c3cfe7','admin','查询','用户管理','/crowdfounding-web/system/user/list','{\"sortName\":\"createTime\",\"sortOrder\":\"desc\",\"pageSize\":\"10\",\"pageNumber\":\"1\",\"deptId\":[\"\"],\"userName\":[\"\"],\"userState\":[\"\"],\"startTime\":\"2019-07-05\",\"endTime\":[\"\"]}','2019-07-07 12:31:25',NULL),('911ed93d41b947b287ce3f3e05bc9177','admin','查询','菜单管理','/crowdfounding-web/system/menu/list','{\"_r\":\"0.8238508318817852\",\"menuName\":[\"\"],\"type\":[\"\"]}','2019-06-30 07:51:44',NULL),('9217f38d4ad34f5da7e55775abe9b39d','admin','查询','用户管理','/crowdfounding-web/system/user/list','{\"sortName\":\"createTime\",\"sortOrder\":\"desc\",\"pageSize\":\"10\",\"pageNumber\":\"1\",\"deptId\":[\"\"],\"userName\":[\"\"],\"userState\":[\"\"],\"startTime\":[\"\"],\"endTime\":[\"\"]}','2019-07-07 12:30:39',NULL),('93bfb069d5c849919a7368d51c5efe37','admin','查询','菜单管理','/crowdfounding-web/system/menu/list','{\"_r\":\"0.2296424268243462\",\"menuName\":[\"\"],\"types[]\":[\"1\",\"2\"]}','2019-07-07 12:57:11',NULL),('93d6224851534c1da9c64e0b552e6cb8','admin','查询','系统首页','/crowdfounding-web/main','{}','2019-06-20 06:43:43',NULL),('948509fea89a41e1b77c2666c5ff0e96','admin','查询','菜单管理','/crowdfounding-web/system/menu/list','{\"_r\":\"0.4267236480866343\",\"menuName\":[\"\"],\"type\":[\"\"]}','2019-07-07 14:13:03',NULL),('9487e52338f04688a4d137f0c50b38c2','admin','查询','角色管理','/crowdfounding-web/system/role/list','{\"_r\":\"0.5582148440020371\",\"sortName\":\"createTime\",\"sortOrder\":\"asc\",\"pageSize\":\"10\",\"pageNumber\":\"1\",\"roleName\":[\"\"],\"roleState\":[\"\"],\"startTime\":[\"\"],\"endTime\":[\"\"]}','2019-07-07 12:27:45',NULL),('96520c14e39c47548fbf9cc2cba817c8','admin','查询','菜单管理','/crowdfounding-web/system/menu/list','{\"_r\":\"0.4173260378941377\",\"menuName\":[\"\"],\"type\":[\"\"]}','2019-07-07 13:57:45',NULL),('9722a5d222e7427faa99473aa21d6aee','admin','查询','角色管理','/crowdfounding-web/system/role/list','{\"_r\":\"0.12007988163092875\",\"sortName\":\"createTime\",\"sortOrder\":\"desc\",\"pageSize\":\"10\",\"pageNumber\":\"1\",\"roleName\":[\"\"],\"roleState\":[\"\"],\"startTime\":[\"\"],\"endTime\":[\"\"]}','2019-07-07 12:25:39',NULL),('9895cc1415b0495aa3e3e25c0f60c2cd','admin','更新','部门管理','/crowdfounding-web/system/dept/editSave','{\"id\":\"1\",\"pid\":\"0\",\"pName\":\"顶级节点\",\"deptName\":\"产品部\",\"remarks\":\"产品部\",\"sort\":\"1.00\"}','2019-07-07 12:25:03',NULL),('99adca54f12b49578a767fccbef80768','admin','查询','菜单管理','/crowdfounding-web/system/menu/list','{\"_r\":\"0.8406624829546769\",\"menuName\":[\"\"],\"type\":[\"\"]}','2019-06-30 09:04:40',NULL),('9ad9245ca4fa45ada5ddd897ce96a766','admin','查询','角色管理','/crowdfounding-web/system/role/list','{\"_r\":\"0.9717718985952091\",\"sortName\":\"createTime\",\"sortOrder\":\"desc\",\"pageSize\":\"10\",\"pageNumber\":\"1\",\"roleName\":[\"\"],\"roleState\":[\"\"],\"startTime\":[\"\"],\"endTime\":[\"\"]}','2019-07-07 12:07:05',NULL),('9b5b4f27ad414c199e5b94f414fb38c6','admin','查询','用户管理','/crowdfounding-web/system/user/list','{\"sortName\":\"createTime\",\"sortOrder\":\"desc\",\"pageSize\":\"10\",\"pageNumber\":\"1\",\"deptId\":[\"\"],\"userName\":[\"\"],\"userState\":[\"\"],\"startTime\":[\"\"],\"endTime\":[\"\"]}','2019-07-07 12:29:10',NULL),('9caa3a3853d34a638191bdaa3a5929fa','admin','查询','角色管理','/crowdfounding-web/system/role/list','{\"_r\":\"0.5582148440020371\",\"sortName\":\"roleName\",\"sortOrder\":\"desc\",\"pageSize\":\"10\",\"pageNumber\":\"1\",\"roleName\":[\"\"],\"roleState\":[\"\"],\"startTime\":[\"\"],\"endTime\":[\"\"]}','2019-07-07 12:27:44',NULL),('9ec80d0aa3b04a26ac545fb282d20c81','admin','更新','用户管理','/crowdfounding-web/system/user/editSave','{\"id\":\"61eb24f91a1049afa78716d23c79e080\",\"password\":\"dc2e0e1ad4c8acc62f87cbbf7a0e05da\",\"userName\":\"xixi\",\"deptId\":\"6\",\"deptName\":\"测试部门\",\"userState\":\"1\",\"userStateSwicth\":\"on\",\"roleIds\":\"7aedf9931d8a4ff3bc46c46e811a2304,ca904d80931f4c368ac1c0919d16b6ae\",\"roleId\":[\"7aedf9931d8a4ff3bc46c46e811a2304\",\"ca904d80931f4c368ac1c0919d16b6ae\"]}','2019-06-27 09:03:04',NULL),('a084198139d74ee89352251e7e2fb193','admin','删除','用户管理','/crowdfounding-web/system/user/remove/2308a898eaf34e108ef39e8ff3700a74','{}','2019-06-27 13:47:12',NULL),('a09a08bbd70a46afad483a5ec9c628ab','admin','查询','部门管理','/crowdfounding-web/system/dept/list','{\"_r\":\"0.5148342543728868\",\"deptName\":[\"\"]}','2019-06-30 09:13:25',NULL),('a246f346e2064d64b4e10be59a8b0dab','admin','查询','菜单管理','/crowdfounding-web/system/menu/list','{\"_r\":\"0.9850887923223282\",\"menuName\":[\"\"],\"type\":[\"\"]}','2019-07-07 14:13:12',NULL),('a3818bc4dddd460685cc6f94a3a06b90','admin','查询','角色管理','/crowdfounding-web/system/role/list','{\"_r\":\"0.12007988163092875\",\"sortName\":\"createTime\",\"sortOrder\":\"desc\",\"pageSize\":\"10\",\"pageNumber\":\"1\",\"roleName\":[\"\"],\"roleState\":[\"\"],\"startTime\":[\"\"],\"endTime\":[\"\"]}','2019-07-07 12:25:32',NULL),('a4af9fece1124567970e8f7cd7bcfc37','admin','查询','菜单管理','/crowdfounding-web/system/menu/list','{\"_r\":\"0.4103907819263535\",\"menuName\":[\"\"],\"type\":[\"\"]}','2019-07-07 13:56:28',NULL),('a4afd13b35bf4f9b8561b67a3cd323d9','admin','查询','系统登陆','/crowdfounding-web/home/doLogin',NULL,'2019-07-07 11:54:55',NULL),('a52b117d57dd4c3db398fbfb070b8f49','admin','查询','系统登陆','/crowdfounding-web/home/doLogin','{\"userName\":\"admin\",\"password\":\"123456\"}','2019-06-20 07:44:45',NULL),('a55addb712f24fcca95b2454f3fb0540','admin','查询','用户管理','/crowdfounding-web/system/user/list','{\"sortName\":\"userName\",\"sortOrder\":\"asc\",\"pageSize\":\"10\",\"pageNumber\":\"1\",\"deptId\":\"8\",\"userName\":\"admin\",\"userState\":\"1\"}','2019-06-20 03:34:38',NULL),('a63e8a6e997e4de2a342d332e832aa48','admin','查询','角色管理','/crowdfounding-web/system/role/list','{\"_r\":\"0.9717718985952091\",\"sortName\":\"createTime\",\"sortOrder\":\"desc\",\"pageSize\":\"10\",\"pageNumber\":\"1\",\"roleName\":[\"\"],\"roleState\":[\"\"],\"startTime\":\"2019-07-05\",\"endTime\":[\"\"]}','2019-07-07 12:07:08',NULL),('a916d6a9fd664b99abb4bbaa018c9c9c','admin','查询','菜单管理','/crowdfounding-web/system/menu/list','{\"_r\":\"0.21520653446695226\",\"menuName\":[\"\"],\"type\":\"1,2\"}','2019-07-07 14:05:00',NULL),('a9437cf1bb554905ab05667ed5f5b02c','admin','查询','部门管理','/crowdfounding-web/system/dept/list','{\"_r\":\"0.5900057073034581\",\"deptName\":[\"\"]}','2019-07-07 10:04:35',NULL),('aa97adfe6a75483d9d14da13d8841d97','admin','查询','部门管理','/crowdfounding-web/system/dept/list','{\"_r\":\"0.11065225519576605\",\"deptName\":[\"\"]}','2019-06-30 09:04:34',NULL),('aaa9014555b942c0b55176fb36194a0e','admin','更新','用户管理','/crowdfounding-web/system/user/editSave','{\"id\":\"61eb24f91a1049afa78716d23c79e080\",\"password\":\"dc2e0e1ad4c8acc62f87cbbf7a0e05da\",\"userName\":\"xixi\",\"deptId\":\"6\",\"deptName\":\"测试部门\",\"userState\":\"1\",\"userStateSwicth\":\"on\",\"roleIds\":\"7aedf9931d8a4ff3bc46c46e811a2304,ca904d80931f4c368ac1c0919d16b6ae\",\"roleId\":[\"7aedf9931d8a4ff3bc46c46e811a2304\",\"ca904d80931f4c368ac1c0919d16b6ae\"],\"remarks\":\"width: \'10%\',普通员工\"}','2019-07-07 12:31:16',NULL),('ab8b46fa83f149c5bd88043c15ee68b9','admin','查询','部门管理','/crowdfounding-web/system/dept/list','{\"_r\":\"0.44613083693390676\",\"deptName\":[\"\"]}','2019-07-07 12:28:39',NULL),('ab931d5568cd4f1f95303d8a1a64cc8d','admin','查询','用户管理','/crowdfounding-web/system/user/list','{\"sortName\":\"createTime\",\"sortOrder\":\"desc\",\"pageSize\":\"10\",\"pageNumber\":\"1\",\"deptId\":[\"\"],\"userName\":[\"\"],\"userState\":[\"\"]}','2019-06-20 04:29:53',NULL),('ac0b9a669d3f4def8f75325a810313ae','admin','查询','用户管理','/crowdfounding-web/system/user/list','{\"sortName\":\"createTime\",\"sortOrder\":\"desc\",\"pageSize\":\"10\",\"pageNumber\":\"1\",\"deptId\":[\"\"],\"userName\":[\"\"],\"userState\":[\"\"],\"startTime\":[\"\"],\"endTime\":[\"\"]}','2019-07-07 12:27:28',NULL),('ac71394b13484188850a822370b75ed0','admin','查询','用户管理','/crowdfounding-web/system/user/list','{\"sortName\":\"createTime\",\"sortOrder\":\"desc\",\"pageSize\":\"10\",\"pageNumber\":\"1\",\"deptId\":\"6\",\"userName\":[\"\"],\"userState\":[\"\"]}','2019-06-30 09:17:16',NULL),('ae981f623a894d16ac884cdc4fc23255','admin','查询','菜单管理','/crowdfounding-web/system/menu/list','{\"_r\":\"0.7882953428181225\",\"menuName\":[\"\"],\"type\":[\"\"]}','2019-07-07 12:34:03',NULL),('aeece2a0bec041d080319e5c137d9526','admin','查询','部门管理','/crowdfounding-web/system/dept/list','{\"_r\":\"0.7044626423472007\",\"deptName\":[\"\"]}','2019-07-07 12:25:16',NULL),('af7f5482b08b4b60b5ffcd0045a5af2f','admin','查询','用户管理','/crowdfounding-web/system/user/list','{\"sortName\":\"createTime\",\"sortOrder\":\"desc\",\"pageSize\":\"10\",\"pageNumber\":\"1\",\"deptId\":[\"\"],\"userName\":[\"\"],\"userState\":[\"\"]}','2019-06-20 06:20:51',NULL),('affbac665ddd4e25949e2840b39380f6','admin','查询','角色管理','/crowdfounding-web/system/role/list','{\"_r\":\"0.12007988163092875\",\"sortName\":\"createTime\",\"sortOrder\":\"desc\",\"pageSize\":\"10\",\"pageNumber\":\"1\",\"roleName\":[\"\"],\"roleState\":[\"\"],\"startTime\":[\"\"],\"endTime\":[\"\"]}','2019-07-07 12:25:18',NULL),('b03a812a53d6436b80ede9a4f46aa157','admin','查询','系统首页','/crowdfounding-web/main','{}','2019-06-20 06:20:49',NULL),('b3ef05c1fd88404fb8b5fc2269e6f5f5','admin','查询','菜单管理','/crowdfounding-web/system/menu/list','{\"_r\":\"0.7184237007930041\",\"menuName\":[\"\"],\"type\":\",2\"}','2019-07-07 14:00:41',NULL),('b47314c332df4926b40f2efabd9bb9ff','admin','查询','角色管理','/crowdfounding-web/system/role/list','{\"_r\":\"0.5582148440020371\",\"sortName\":\"createTime\",\"sortOrder\":\"desc\",\"pageSize\":\"10\",\"pageNumber\":\"1\",\"roleName\":[\"\"],\"roleState\":[\"\"],\"startTime\":[\"\"],\"endTime\":[\"\"]}','2019-07-07 12:27:50',NULL),('b4f00577633f4574a3f9510404ed5832','admin','查询','菜单管理','/crowdfounding-web/system/menu/list','{\"_r\":\"0.5027873227552726\",\"menuName\":[\"\"],\"type\":[\"\"]}','2019-07-07 12:31:31',NULL),('b4f26613876e4ab8895334b0e0bb1770','admin','查询','用户管理','/crowdfounding-web/system/user/list','{\"sortName\":\"createTime\",\"sortOrder\":\"desc\",\"pageSize\":\"10\",\"pageNumber\":\"1\",\"deptId\":[\"\"],\"userName\":[\"\"],\"userState\":[\"\"]}','2019-06-30 03:43:15',NULL),('b56f8da1e8cd443d800fffd883874b46','admin','查询','部门管理','/crowdfounding-web/system/dept/list','{\"_r\":\"0.7281473962745486\",\"deptName\":[\"\"]}','2019-07-07 12:25:09',NULL),('b6e66517e1274a2a9fb28c2227badd91','admin','查询','用户管理','/crowdfounding-web/system/user/list','{\"sortName\":\"createTime\",\"sortOrder\":\"desc\",\"pageSize\":\"10\",\"pageNumber\":\"1\",\"deptId\":[\"\"],\"userName\":[\"\"],\"userState\":[\"\"],\"startTime\":[\"\"],\"endTime\":[\"\"]}','2019-07-07 12:29:38',NULL),('b6ff6cdec47b48d3964a8c98a6080dd0','admin','查询','系统首页','/crowdfounding-web/main','{}','2019-06-20 07:46:11',NULL),('b7151db1e6f24c5490b3ccf98a11e411','admin','查询','用户管理','/crowdfounding-web/system/user/list','{\"sortName\":\"createTime\",\"sortOrder\":\"desc\",\"pageSize\":\"10\",\"pageNumber\":\"1\",\"deptId\":[\"\"],\"userName\":[\"\"],\"userState\":[\"\"],\"startTime\":[\"\"],\"endTime\":[\"\"]}','2019-07-07 11:55:02',NULL),('b8a84793ecb242f5ab4b8bc1e67cec4f','admin','查询','用户管理','/crowdfounding-web/system/user/list','{\"sortName\":\"createTime\",\"sortOrder\":\"desc\",\"pageSize\":\"10\",\"pageNumber\":\"1\",\"deptId\":[\"\"],\"userName\":[\"\"],\"userState\":[\"\"],\"startTime\":\"2019-07-02\",\"endTime\":\"2019-07-17\"}','2019-07-07 11:55:15',NULL),('ba637620c6e140a1b78fc86201786331','admin','查询','用户管理','/crowdfounding-web/system/user/list','{\"sortName\":\"createTime\",\"sortOrder\":\"desc\",\"pageSize\":\"10\",\"pageNumber\":\"1\",\"deptId\":[\"\"],\"userName\":[\"\"],\"userState\":[\"\"],\"startTime\":[\"\"],\"endTime\":[\"\"]}','2019-07-07 12:31:08',NULL),('ba83cc426d3b43d99595f9a07c6d0537','admin','查询','用户管理','/crowdfounding-web/system/user/list','{\"sortName\":\"userName\",\"sortOrder\":\"asc\",\"pageSize\":\"10\",\"pageNumber\":\"1\",\"deptId\":\"8\",\"userName\":\"admin\",\"userState\":\"1\"}','2019-06-20 03:34:28',NULL),('bd8a3592ba8848979f0251df3e4a3b84','admin','查询','用户管理','/crowdfounding-web/system/user/list','{\"sortName\":\"createTime\",\"sortOrder\":\"desc\",\"pageSize\":\"10\",\"pageNumber\":\"1\",\"deptId\":[\"\"],\"userName\":[\"\"],\"userState\":[\"\"]}','2019-06-20 08:41:03',NULL),('bdab1f17ed0549e5a613b849f6c18947','admin','查询','角色管理','/crowdfounding-web/system/role/list','{\"_r\":\"0.3374299110025485\",\"sortName\":\"createTime\",\"sortOrder\":\"desc\",\"pageSize\":\"10\",\"pageNumber\":\"1\",\"roleName\":[\"\"],\"roleState\":[\"\"]}','2019-06-30 07:52:29',NULL),('be2f889e66cf43669c9969433adec620','admin','查询','用户管理','/crowdfounding-web/system/user/list','{\"sortName\":\"createTime\",\"sortOrder\":\"desc\",\"pageSize\":\"10\",\"pageNumber\":\"1\",\"deptId\":[\"\"],\"userName\":[\"\"],\"userState\":[\"\"]}','2019-06-27 13:47:09',NULL),('be611424d22548d39b8daee88c117211','admin','查询','菜单管理','/crowdfounding-web/system/menu/list','{\"_r\":\"0.23829897043929416\",\"menuName\":[\"\"],\"type\":[\"\"]}','2019-07-07 12:28:38',NULL),('bff2ceb65362415bb2500eb653b6ab49','admin','查询','部门管理','/crowdfounding-web/system/dept/list','{\"_r\":\"0.5070966034553583\",\"deptName\":[\"\"]}','2019-06-30 09:11:25',NULL),('c2574ae6d92e4523bbd369caeed66bdf','admin','查询','系统首页','/crowdfounding-web/main','{}','2019-06-20 05:45:43',NULL),('c3d3248e228c4a80ad37053151cb5c92','admin','查询','部门管理','/crowdfounding-web/system/dept/list','{\"_r\":\"0.24110222860456387\",\"deptName\":[\"\"]}','2019-06-30 09:04:44',NULL),('c4641b22a0714136a864341479606f49','admin','查询','角色管理','/crowdfounding-web/system/role/list','{\"_r\":\"0.5582148440020371\",\"sortName\":\"createTime\",\"sortOrder\":\"desc\",\"pageSize\":\"10\",\"pageNumber\":\"1\",\"roleName\":[\"\"],\"roleState\":[\"\"],\"startTime\":[\"\"],\"endTime\":[\"\"]}','2019-07-07 12:27:30',NULL),('c4e6ae2c3d1645c3be6aa9235012e0e7','admin','查询','用户管理','/crowdfounding-web/system/user/list','{\"sortName\":\"createTime\",\"sortOrder\":\"desc\",\"pageSize\":\"10\",\"pageNumber\":\"1\",\"deptId\":[\"\"],\"userName\":[\"\"],\"userState\":[\"\"]}','2019-06-30 09:35:29',NULL),('c5025eb920f643de8af52d94e44bfc01','admin','查询','系统首页','/crowdfounding-web/main','{}','2019-06-20 06:46:40',NULL),('c522848ae48b4d0da98ea952a6c74a8a','admin','查询','系统登陆','/crowdfounding-web/home/doLogin',NULL,'2019-07-07 15:14:37',NULL),('c5f0f04086af4d76bf20b9b21aa5d02c','admin','新建','菜单管理','/crowdfounding-web/system/menu/addSave','{\"pid\":\"56\",\"pName\":\"系统工具\",\"type\":\"2\",\"menuName\":\"代码生成\",\"url\":\"/tool/gen\",\"resource\":[\"\"],\"sort\":\"0\",\"icon\":\"fa fa-meh-o\"}','2019-07-07 14:19:15',NULL),('c671c285d5e24e5cba0b64fe8599fb8d','admin','查询','部门管理','/crowdfounding-web/system/dept/list','{\"_r\":\"0.6469209152566617\",\"deptName\":[\"\"]}','2019-07-07 12:38:41',NULL),('c78f643065164fcaacf44ed49515733c','admin','查询','用户管理','/crowdfounding-web/system/user/list','{\"sortName\":\"createTime\",\"sortOrder\":\"desc\",\"pageSize\":\"10\",\"pageNumber\":\"1\",\"deptId\":[\"\"],\"userName\":[\"\"],\"userState\":[\"\"],\"startTime\":[\"\"],\"endTime\":[\"\"]}','2019-07-07 15:14:50',NULL),('c89418fb81c746d0bb2566af63f51742','admin','查询','菜单管理','/crowdfounding-web/system/menu/list','{\"_r\":\"0.525828221489071\",\"menuName\":[\"\"],\"type\":[\"\"]}','2019-07-07 12:32:01',NULL),('c9b300849f584e89b4187453527d6fa3','admin','查询','用户管理','/crowdfounding-web/system/user/list','{\"sortName\":\"createTime\",\"sortOrder\":\"desc\",\"pageSize\":\"10\",\"pageNumber\":\"1\",\"deptId\":[\"\"],\"userName\":[\"\"],\"userState\":[\"\"]}','2019-06-30 07:51:30',NULL),('ca9a4bb7552c4bc09a2e61ff01a0950a','admin','查询','角色管理','/crowdfounding-web/system/role/list','{\"_r\":\"0.5582148440020371\",\"sortName\":\"roleName\",\"sortOrder\":\"asc\",\"pageSize\":\"10\",\"pageNumber\":\"1\",\"roleName\":[\"\"],\"roleState\":[\"\"],\"startTime\":[\"\"],\"endTime\":[\"\"]}','2019-07-07 12:27:42',NULL),('cc398f3bca2c4514a66a3333a4f0a193','admin','查询','系统首页','/crowdfounding-web/main','{}','2019-06-20 08:40:06',NULL),('cc81744701f14dcabb94077631d3bb2a','admin','查询','菜单管理','/crowdfounding-web/system/menu/list','{\"_r\":\"0.24707431826319315\",\"menuName\":[\"\"],\"types[]\":[\"1\",\"2\"]}','2019-07-07 12:56:56',NULL),('ccac0405a4a94a65a5b709017a4990be','admin','查询','用户管理','/crowdfounding-web/system/user/list','{\"sortName\":\"createTime\",\"sortOrder\":\"asc\",\"pageSize\":\"10\",\"pageNumber\":\"1\",\"deptId\":[\"\"],\"userName\":[\"\"],\"userState\":[\"\"],\"startTime\":[\"\"],\"endTime\":[\"\"]}','2019-07-07 12:27:26',NULL),('cd6d46634c7d4277920e4be872a5df07','admin','查询','菜单管理','/crowdfounding-web/system/menu/list','{\"_r\":\"0.4031110191487286\",\"menuName\":[\"\"],\"type\":\"2\"}','2019-07-07 14:04:33',NULL),('ce521ec86cec414eb90d742c631091e5','admin','查询','菜单管理','/crowdfounding-web/system/menu/list','{\"_r\":\"0.5464286427466527\",\"menuName\":[\"\"],\"type\":\"1\"}','2019-07-07 12:34:47',NULL),('d093bede873d4cc096421f1ec6af0c99','admin','查询','角色管理','/crowdfounding-web/system/role/list','{\"_r\":\"0.1465052526181827\",\"sortName\":\"createTime\",\"sortOrder\":\"desc\",\"pageSize\":\"10\",\"pageNumber\":\"1\",\"roleName\":[\"\"],\"roleState\":[\"\"]}','2019-06-30 09:04:41',NULL),('d0ed33ce518e4072a9e2e3974d8fe5f6','admin','查询','菜单管理','/crowdfounding-web/system/menu/list','{\"_r\":\"0.8335829469368246\",\"menuName\":[\"\"],\"type\":\",1\"}','2019-07-07 14:01:28',NULL),('d124954d32c940d384d0967914ae10c9','admin','查询','用户管理','/crowdfounding-web/system/user/list','{\"sortName\":\"createTime\",\"sortOrder\":\"desc\",\"pageSize\":\"10\",\"pageNumber\":\"1\",\"deptId\":[\"\"],\"userName\":[\"\"],\"userState\":[\"\"],\"startTime\":[\"\"],\"endTime\":[\"\"]}','2019-07-07 12:31:21',NULL),('d1800f79744b4f389c01d296d1b88fde','admin','查询','菜单管理','/crowdfounding-web/system/menu/list','{\"_r\":\"0.9294784148057436\",\"menuName\":[\"\"],\"type\":[\"\"]}','2019-07-07 14:00:39',NULL),('d2059e70da26457495a1b633c442cdbf','admin','查询','用户管理','/crowdfounding-web/system/user/list','{\"sortName\":\"createTime\",\"sortOrder\":\"desc\",\"pageSize\":\"10\",\"pageNumber\":\"1\",\"deptId\":[\"\"],\"userName\":[\"\"],\"userState\":[\"\"]}','2019-06-20 06:25:28',NULL),('d49a2efd1ba04883a54cafd06fcf847c','admin','更新','菜单管理','/crowdfounding-web/system/menu/editSave','{\"id\":\"56\",\"pid\":\"0\",\"pName\":\"顶级节点\",\"type\":\"1\",\"menuName\":\"系统工具\",\"url\":[\"\"],\"resource\":[\"\"],\"sort\":\"4.2\",\"icon\":\"fa fa-wrench\"}','2019-07-07 14:12:40',NULL),('d5ca6ee975e8469c85f968378787a91a','admin','查询','菜单管理','/crowdfounding-web/system/menu/list','{\"_r\":\"0.14128419271321024\",\"menuName\":[\"\"],\"type\":[\"\"]}','2019-07-07 12:11:39',NULL),('d6073898612642c7944449f475a4c47d','admin','查询','系统登陆','/crowdfounding-web/home/doLogin',NULL,'2019-07-07 09:40:57',NULL),('d616c8fb4cd04503830b34af64f89d20','admin','查询','用户管理','/crowdfounding-web/system/user/list','{\"sortName\":\"createTime\",\"sortOrder\":\"desc\",\"pageSize\":\"10\",\"pageNumber\":\"1\",\"deptId\":[\"\"],\"userName\":[\"\"],\"userState\":[\"\"],\"startTime\":[\"\"],\"endTime\":[\"\"]}','2019-07-07 11:56:30',NULL),('d73808a8a89044f3847a43d41bd6f4a8','admin','新建','角色管理','/crowdfounding-web/system/role/addSave','{\"roleName\":\"测试\",\"roleState\":\"1\",\"roleStateSwicth\":\"on\",\"roleDesc\":\"123\",\"menuIds\":[\"\"]}','2019-07-07 12:07:15',NULL),('d7e1e3789ab747f89c6760d4413a7f43','admin','查询','用户管理','/crowdfounding-web/system/user/list','{\"sortName\":\"createTime\",\"sortOrder\":\"desc\",\"pageSize\":\"10\",\"pageNumber\":\"1\",\"deptId\":[\"\"],\"userName\":[\"\"],\"userState\":[\"\"]}','2019-06-27 09:02:59',NULL),('d7f6b2d6cd9144b49706a9eacc39346b','admin','查询','用户管理','/crowdfounding-web/system/user/list','{\"sortName\":\"createTime\",\"sortOrder\":\"desc\",\"pageSize\":\"10\",\"pageNumber\":\"1\",\"deptId\":[\"\"],\"userName\":[\"\"],\"userState\":[\"\"]}','2019-06-20 04:29:43',NULL),('d8149d45e9ba4955a6daf7423b3fef87','admin','查询','用户管理','/crowdfounding-web/system/user/list','{\"sortName\":\"userName\",\"sortOrder\":\"asc\",\"pageSize\":\"10\",\"pageNumber\":\"1\",\"deptId\":\"6\",\"userName\":\"admin\",\"userState\":\"1\"}','2019-06-20 03:34:24',NULL),('d835f3410ca345e2845194a38ba8d22e','admin','更新','用户管理','/crowdfounding-web/system/user/editSave','{\"id\":\"e4f9291a3e9b4a3d9baf2b3e67245b98\",\"password\":\"ccba00ea77381b70945691f54e56b53e\",\"userName\":\"dd\",\"deptId\":\"6\",\"deptName\":\"测试部门\",\"userState\":\"1\",\"userStateSwicth\":\"on\",\"roleIds\":\"c4e182e62aca4d48a6c9b1a897551d73,ca904d80931f4c368ac1c0919d16b6ae\",\"roleId\":[\"c4e182e62aca4d48a6c9b1a897551d73\",\"ca904d80931f4c368ac1c0919d16b6ae\"],\"remarks\":\"dd\"}','2019-07-07 15:14:50',NULL),('d869b101e241453d97c4fcf33500a6d6','admin','查询','角色管理','/crowdfounding-web/system/role/list','{\"_r\":\"0.9717718985952091\",\"sortName\":\"createTime\",\"sortOrder\":\"desc\",\"pageSize\":\"10\",\"pageNumber\":\"1\",\"roleName\":[\"\"],\"roleState\":[\"\"],\"startTime\":[\"\"],\"endTime\":\"2019-07-06\"}','2019-07-07 12:07:35',NULL),('d91798831ecc40dda06ec3cca825173e','admin','查询','用户管理','/crowdfounding-web/system/user/list','{\"sortName\":\"createTime\",\"sortOrder\":\"desc\",\"pageSize\":\"10\",\"pageNumber\":\"1\",\"deptId\":[\"\"],\"userName\":[\"\"],\"userState\":[\"\"],\"startTime\":[\"\"],\"endTime\":\"2019-07-06\"}','2019-07-07 11:56:33',NULL),('d9ae08cca0c74a3285ef58b8314f4d4f','admin','更新','用户管理','/crowdfounding-web/system/user/editSave','{\"id\":\"61eb24f91a1049afa78716d23c79e080\",\"password\":\"dc2e0e1ad4c8acc62f87cbbf7a0e05da\",\"userName\":\"xixi\",\"deptId\":\"6\",\"deptName\":\"测试部门\",\"userState\":\"1\",\"userStateSwicth\":\"on\",\"roleIds\":\"7aedf9931d8a4ff3bc46c46e811a2304\",\"roleId\":\"7aedf9931d8a4ff3bc46c46e811a2304\"}','2019-06-20 06:21:36',NULL),('da5a8844ef8444b5bff95e18b77b8fa7','admin','查询','角色管理','/crowdfounding-web/system/role/list','{\"_r\":\"0.5582148440020371\",\"sortName\":\"createTime\",\"sortOrder\":\"asc\",\"pageSize\":\"10\",\"pageNumber\":\"1\",\"roleName\":[\"\"],\"roleState\":[\"\"],\"startTime\":[\"\"],\"endTime\":[\"\"]}','2019-07-07 12:27:31',NULL),('dd02c453c33a4d809e1c670c11acd7cf','admin','查询','角色管理','/crowdfounding-web/system/role/list','{\"_r\":\"0.2939408067761109\",\"sortName\":\"createTime\",\"sortOrder\":\"desc\",\"pageSize\":\"10\",\"pageNumber\":\"1\",\"roleName\":[\"\"],\"roleState\":[\"\"],\"startTime\":[\"\"],\"endTime\":[\"\"]}','2019-07-07 12:28:36',NULL),('dd4954a95c9a4b819c4b6dc510819de3','admin','更新','角色管理','/crowdfounding-web/system/role/editSave','{\"id\":\"c4e182e62aca4d48a6c9b1a897551d73\",\"roleName\":\"测试角色\",\"roleState\":\"1\",\"roleStateSwicth\":\"on\",\"remarks\":\"测试角色\",\"menuIds\":\"22,52,53,54,55,50\"}','2019-07-07 12:25:28',NULL),('ddf048e6c29e4552a125f0e9f9b2f216','admin','更新','角色管理','/crowdfounding-web/system/role/editSave','{\"id\":\"b1f9ce5543a049be9f169a3f5e6b72a8\",\"roleName\":\"超级管理员\",\"roleState\":\"1\",\"roleStateSwicth\":\"on\",\"remarks\":[\"\"],\"menuIds\":\"23,24,25,43,29,30,34,42,26,27,28,38,41,31,32,33,44,48,49,14,52,53,54,55,46,40,45,4,5,15,16,47,1,12,50,22,37,39,35,56\"}','2019-07-07 14:12:53',NULL),('de041b5bae294931b6cc1da1691b2010','admin','查询','角色管理','/crowdfounding-web/system/role/list','{\"_r\":\"0.9109807652666984\",\"sortName\":\"createTime\",\"sortOrder\":\"desc\",\"pageSize\":\"10\",\"pageNumber\":\"1\",\"roleName\":[\"\"],\"roleState\":[\"\"],\"startTime\":[\"\"],\"endTime\":[\"\"]}','2019-07-07 14:12:47',NULL),('df1f6099cc674e7990637527ca88b846','admin','查询','用户管理','/crowdfounding-web/system/user/list','{\"sortName\":\"createTime\",\"sortOrder\":\"desc\",\"pageSize\":\"10\",\"pageNumber\":\"1\",\"deptId\":[\"\"],\"userName\":[\"\"],\"userState\":[\"\"]}','2019-06-27 08:27:25',NULL),('e0821bf94c3e4efdba481a5499e0c5e3','admin','新建','用户管理','/crowdfounding-web/system/user/addSave','{\"userName\":\"333\",\"password\":\"123456\",\"deptId\":\"4\",\"deptName\":\"cpb\",\"userState\":\"1\",\"userStateSwicth\":\"on\",\"roleIds\":[\"\"]}','2019-06-27 13:47:09',NULL),('e0e95de9394e40b8b5e75215a723acdd','admin','查询','菜单管理','/crowdfounding-web/system/menu/list','{\"_r\":\"0.5961616908221437\",\"menuName\":[\"\"],\"type\":[\"\"]}','2019-07-07 14:13:08',NULL),('e153e6b4e1f146ddad92d75c27b81ff9','admin','查询','用户管理','/crowdfounding-web/system/user/list','{\"sortName\":\"createTime\",\"sortOrder\":\"desc\",\"pageSize\":\"10\",\"pageNumber\":\"1\",\"deptId\":[\"\"],\"userName\":[\"\"],\"userState\":[\"\"],\"startTime\":[\"\"],\"endTime\":[\"\"]}','2019-07-07 14:12:46',NULL),('e1a1166a5ef04b80b9b27749e1657ed4','admin','查询','用户管理','/crowdfounding-web/system/user/list','{\"sortName\":\"createTime\",\"sortOrder\":\"desc\",\"pageSize\":\"10\",\"pageNumber\":\"1\",\"deptId\":[\"\"],\"userName\":[\"\"],\"userState\":[\"\"]}','2019-06-20 06:21:36',NULL),('e372d4f9b71441ae88d842767186e038','admin','查询','角色管理','/crowdfounding-web/system/role/list','{\"_r\":\"0.9717718985952091\",\"sortName\":\"createTime\",\"sortOrder\":\"desc\",\"pageSize\":\"10\",\"pageNumber\":\"1\",\"roleName\":[\"\"],\"roleState\":[\"\"],\"startTime\":\"2019-07-01\",\"endTime\":[\"\"]}','2019-07-07 12:07:27',NULL),('e4301476b12648b19bfd40722b03e320','admin','更新','用户管理','/crowdfounding-web/system/user/editSave','{\"id\":\"c79ba431f9f74dfbae585b87b0cde933\",\"password\":\"038bdaf98f2037b31f1e75b5b4c9b26e\",\"userName\":\"admin\",\"deptId\":\"4\",\"deptName\":\"cpb\",\"userState\":\"1\",\"userStateSwicth\":\"on\",\"roleIds\":\"7aedf9931d8a4ff3bc46c46e811a2304,b1f9ce5543a049be9f169a3f5e6b72a8,ca904d80931f4c368ac1c0919d16b6ae\",\"roleId\":[\"7aedf9931d8a4ff3bc46c46e811a2304\",\"b1f9ce5543a049be9f169a3f5e6b72a8\",\"ca904d80931f4c368ac1c0919d16b6ae\"]}','2019-06-30 07:51:30',NULL),('e58828f7e5f14e079aa109f9d075afbb','admin','查询','菜单管理','/crowdfounding-web/system/menu/list','{\"_r\":\"0.7726202044657051\",\"menuName\":[\"\"],\"type\":[\"\"]}','2019-06-30 09:11:30',NULL),('e610ac96bd7644fca6621aca496e1a4b','admin','查询','菜单管理','/crowdfounding-web/system/menu/list','{\"_r\":\"0.5567974303682353\",\"menuName\":[\"\"],\"type\":[\"\"]}','2019-07-07 12:23:59',NULL),('e7de81abe07c47b7a4093c3c06eef7ba','admin','查询','菜单管理','/crowdfounding-web/system/menu/list','{\"_r\":\"0.9979650500946271\",\"menuName\":[\"\"],\"type\":\"2\"}','2019-07-07 12:34:35',NULL),('e7eb066680cb4b77b094e8d56fee0fee','admin','查询','角色管理','/crowdfounding-web/system/role/list','{\"_r\":\"0.8354227517608113\",\"sortName\":\"createTime\",\"sortOrder\":\"desc\",\"pageSize\":\"10\",\"pageNumber\":\"1\",\"roleName\":[\"\"],\"roleState\":[\"\"],\"startTime\":[\"\"],\"endTime\":[\"\"]}','2019-07-07 09:41:02',NULL),('e7fa1f510b6e4fc786f322c82d2c27c8','admin','查询','菜单管理','/crowdfounding-web/system/menu/list','{\"_r\":\"0.5545722494035239\",\"menuName\":[\"\"],\"type\":[\"\"]}','2019-07-07 15:15:12',NULL),('e943e1fa89e14c429a135c8c752c6bbf','admin','查询','角色管理','/crowdfounding-web/system/role/list','{\"_r\":\"0.4272230547172189\",\"sortName\":\"createTime\",\"sortOrder\":\"desc\",\"pageSize\":\"10\",\"pageNumber\":\"1\",\"roleName\":[\"\"],\"roleState\":[\"\"],\"startTime\":[\"\"],\"endTime\":[\"\"]}','2019-07-07 12:24:28',NULL),('ea3839fb107644c0afef094ef62fe95c','admin','查询','用户管理','/crowdfounding-web/system/user/list','{\"sortName\":\"userName\",\"sortOrder\":\"asc\",\"pageSize\":\"10\",\"pageNumber\":\"1\",\"userName\":\"admin\",\"userState\":\"1\"}','2019-06-20 03:33:59',NULL),('ea38e816004c4ab5979a0a916dc8de53','admin','查询','用户管理','/crowdfounding-web/system/user/list','{\"sortName\":\"createTime\",\"sortOrder\":\"asc\",\"pageSize\":\"10\",\"pageNumber\":\"1\",\"deptId\":[\"\"],\"userName\":[\"\"],\"userState\":[\"\"],\"startTime\":[\"\"],\"endTime\":[\"\"]}','2019-07-07 12:27:25',NULL),('eb3b7d3d2ab74e24a4c2c22b6f977c32','admin','查询','用户管理','/crowdfounding-web/system/user/list','{\"sortName\":\"createTime\",\"sortOrder\":\"desc\",\"pageSize\":\"10\",\"pageNumber\":\"1\",\"deptId\":[\"\"],\"userName\":[\"\"],\"userState\":[\"\"],\"startTime\":[\"\"],\"endTime\":[\"\"]}','2019-07-07 10:03:44',NULL),('eb5cb5b0fca84616b8725141c427ebac','admin','查询','菜单管理','/crowdfounding-web/system/menu/list','{\"_r\":\"0.5940098120965023\",\"menuName\":[\"\"],\"type\":[\"\"]}','2019-07-07 12:37:14',NULL),('ebc0963b111149d795ab58436a92c7d4','admin','查询','菜单管理','/crowdfounding-web/system/menu/list','{\"_r\":\"0.2889352024864238\",\"menuName\":[\"\"],\"types\":[\"\"]}','2019-07-07 12:56:43',NULL),('edd599cf66f24ad490521bce43d1f0e0','admin','查询','菜单管理','/crowdfounding-web/system/menu/list','{\"_r\":\"0.8685820759879199\",\"menuName\":[\"\"],\"type\":[\"\"]}','2019-07-07 13:57:27',NULL),('eddc0fd4c4db446d8e27a7618a9e8f3b','admin','查询','角色管理','/crowdfounding-web/system/role/list','{\"_r\":\"0.7056725579773573\",\"sortName\":\"createTime\",\"sortOrder\":\"desc\",\"pageSize\":\"10\",\"pageNumber\":\"1\",\"roleName\":[\"\"],\"roleState\":[\"\"],\"startTime\":[\"\"],\"endTime\":[\"\"]}','2019-07-07 12:34:01',NULL),('f163978be2184754b6a987c684a3f037','admin','查询','菜单管理','/crowdfounding-web/system/menu/list','{\"_r\":\"0.06385032479133113\",\"menuName\":[\"\"],\"type\":[\"\"]}','2019-07-07 14:04:08',NULL),('f3752c84aa9340b08af17fa1d5e102a7','admin','查询','角色管理','/crowdfounding-web/system/role/list','{\"_r\":\"0.41141959411837714\",\"sortName\":\"createTime\",\"sortOrder\":\"desc\",\"pageSize\":\"10\",\"pageNumber\":\"1\",\"roleName\":[\"\"],\"roleState\":[\"\"],\"startTime\":[\"\"],\"endTime\":[\"\"]}','2019-07-07 13:41:34',NULL),('f3b401a4aef048e583bbd9c09c7dce0a','admin','查询','部门管理','/crowdfounding-web/system/dept/list','{\"_r\":\"0.9483372749508419\",\"deptName\":[\"\"]}','2019-06-30 09:13:54',NULL),('f3ea6726d2e245ea96aebce2e62d5dc9','admin','查询','用户管理','/crowdfounding-web/system/user/list','{\"sortName\":\"userName\",\"sortOrder\":\"asc\",\"pageSize\":\"10\",\"pageNumber\":\"1\",\"deptId\":\"8\",\"userName\":\"admin\",\"userState\":\"1\"}','2019-06-20 03:34:38',NULL),('f4ddfdb3b28046db98a35d5276b22144','admin','查询','用户管理','/crowdfounding-web/system/user/list','{\"sortName\":\"createTime\",\"sortOrder\":\"desc\",\"pageSize\":\"10\",\"pageNumber\":\"1\",\"deptId\":[\"\"],\"userName\":[\"\"],\"userState\":[\"\"]}','2019-06-30 09:13:53',NULL),('f6e7144a8f4c459fae7027aede116acb','admin','查询','部门管理','/crowdfounding-web/system/dept/list','{\"_r\":\"0.7413610491931135\",\"deptName\":[\"\"]}','2019-07-07 12:11:42',NULL),('f7323098bfc447a8b1e308d76dcf5681','admin','查询','系统首页','/crowdfounding-web/main','{}','2019-06-20 07:46:53',NULL),('f76d9c711ba84c4b9f978ab865f5ca8a','admin','更新','角色管理','/crowdfounding-web/system/role/editSave','{\"id\":\"c4e182e62aca4d48a6c9b1a897551d73\",\"roleName\":\"测试角色\",\"roleState\":\"1\",\"roleStateSwicth\":\"on\",\"remarks\":\"测试角色\",\"menuIds\":[\"\"]}','2019-07-07 15:14:57',NULL),('f7af58c5753744508c82d40f3a3a04ac','admin','查询','部门管理','/crowdfounding-web/system/dept/list','{\"_r\":\"0.28947794877489175\",\"deptName\":[\"\"]}','2019-06-30 07:51:38',NULL),('f8544535fda74c3793a97c2464fc5706','admin','查询','角色管理','/crowdfounding-web/system/role/list','{\"_r\":\"0.9717718985952091\",\"sortName\":\"createTime\",\"sortOrder\":\"desc\",\"pageSize\":\"10\",\"pageNumber\":\"1\",\"roleName\":[\"\"],\"roleState\":[\"\"],\"startTime\":[\"\"],\"endTime\":[\"\"]}','2019-07-07 12:07:15',NULL),('f991337b47d64f8d9fad12ff50f0d76c','admin','查询','用户管理','/crowdfounding-web/system/user/list','{\"sortName\":\"createTime\",\"sortOrder\":\"desc\",\"pageSize\":\"10\",\"pageNumber\":\"1\",\"deptId\":[\"\"],\"userName\":[\"\"],\"userState\":[\"\"],\"startTime\":[\"\"],\"endTime\":[\"\"]}','2019-07-07 12:31:26',NULL),('fb646813da5c40d79b4de39d7be23906','admin','查询','角色管理','/crowdfounding-web/system/role/list','{\"_r\":\"0.12007988163092875\",\"sortName\":\"createTime\",\"sortOrder\":\"desc\",\"pageSize\":\"10\",\"pageNumber\":\"1\",\"roleName\":[\"\"],\"roleState\":[\"\"],\"startTime\":[\"\"],\"endTime\":[\"\"]}','2019-07-07 12:25:28',NULL),('fdb2bc9798784cf3b43245d25d296689','admin','查询','部门管理','/crowdfounding-web/system/dept/list','{\"_r\":\"0.1269179956108153\",\"deptName\":[\"\"]}','2019-07-07 12:24:55',NULL);
/*!40000 ALTER TABLE `sys_log` ENABLE KEYS */;
UNLOCK TABLES;

--
-- Table structure for table `sys_menu`
--

DROP TABLE IF EXISTS `sys_menu`;
/*!40101 SET @saved_cs_client     = @@character_set_client */;
 SET character_set_client = utf8mb4 ;
CREATE TABLE `sys_menu` (
  `id` bigint(20) NOT NULL AUTO_INCREMENT COMMENT '主键',
  `menuName` varchar(50) CHARACTER SET utf8 COLLATE utf8_general_ci NOT NULL COMMENT '菜单名称',
  `pid` varchar(50) CHARACTER SET utf8 COLLATE utf8_general_ci NOT NULL COMMENT '父级菜单ID',
  `url` varchar(255) CHARACTER SET utf8 COLLATE utf8_general_ci DEFAULT NULL COMMENT '连接地址',
  `icon` varchar(50) CHARACTER SET utf8 COLLATE utf8_general_ci DEFAULT NULL COMMENT '图标',
  `sort` decimal(10,2) DEFAULT NULL COMMENT '排序',
  `type` int(11) DEFAULT NULL COMMENT '菜单类型',
  `code` varchar(50) CHARACTER SET utf8 COLLATE utf8_general_ci DEFAULT NULL COMMENT '编码',
  `resource` varchar(50) CHARACTER SET utf8 COLLATE utf8_general_ci DEFAULT NULL COMMENT '资源名称（菜单对应权限）',
  `createTime` datetime DEFAULT NULL COMMENT '创建时间',
  `remarks` varchar(32) DEFAULT NULL COMMENT '备注',
  PRIMARY KEY (`id`) USING BTREE
) ENGINE=InnoDB AUTO_INCREMENT=58 DEFAULT CHARSET=utf8 ROW_FORMAT=DYNAMIC COMMENT='菜单表';
/*!40101 SET character_set_client = @saved_cs_client */;

--
-- Dumping data for table `sys_menu`
--

LOCK TABLES `sys_menu` WRITE;
/*!40000 ALTER TABLE `sys_menu` DISABLE KEYS */;
INSERT INTO `sys_menu` VALUES (1,'系统管理','0','','fa fa-cogs',1.00,1,'01','',NULL,NULL),(4,'菜单管理','1','/system/menu','fa fa-adjust',3.00,2,'0103','',NULL,NULL),(5,'角色管理','1','/system/role','fa fa-male',2.00,2,NULL,'',NULL,NULL),(12,'主页','0','','fa fa-user-o',0.00,1,NULL,'',NULL,NULL),(14,'首页','12','/main/mainIndex','fa fa-television',0.00,2,NULL,'',NULL,NULL),(15,'用户管理','1','/system/user','fa fa-user',1.00,2,NULL,'',NULL,NULL),(16,'部门管理','1','/system/dept','fa fa-institution',4.00,2,NULL,'',NULL,NULL),(22,'基础管理','0','','fa fa-id-card-o',3.00,1,NULL,'',NULL,NULL),(23,'新增','4','','',1.00,3,NULL,'sys:menu:add',NULL,NULL),(24,'编辑','4','','',2.00,3,NULL,'sys:menu:edit',NULL,NULL),(25,'删除','4','','',3.00,3,NULL,'sys:menu:remove',NULL,NULL),(26,'新增','15','','',1.00,3,NULL,'sys:user:add',NULL,NULL),(27,'编辑','15','','',2.00,3,NULL,'sys:user:edit',NULL,NULL),(28,'删除','15','','',3.00,3,NULL,'sys:user:remove',NULL,NULL),(29,'新增','5','','',1.00,3,NULL,'sys:role:add',NULL,NULL),(30,'删除','5','','',3.00,3,NULL,'sys:role:remove',NULL,NULL),(31,'新增','16','','',1.00,3,NULL,'sys:dept:add',NULL,NULL),(32,'编辑','16','','',2.00,3,NULL,'sys:dept:edit',NULL,NULL),(33,'删除','16','','',3.00,3,NULL,'sys:dept:remove',NULL,NULL),(34,'编辑','5','','',2.00,3,NULL,'sys:role:edit',NULL,NULL),(35,'系统监控','0','','fa fa-cc',4.10,1,NULL,'',NULL,NULL),(37,'服务监控','35','/system/monitor','fa fa-copyright',1.00,2,NULL,'',NULL,NULL),(38,'重置密码','15','','',4.00,3,NULL,'sys:user:resetPwd',NULL,NULL),(39,'在线用户','35','/monitor/online','fa fa-user',1.00,2,NULL,'',NULL,NULL),(40,'强退','39','','',NULL,3,NULL,'monitor:online:logout',NULL,NULL),(41,'查看','15','','',NULL,3,NULL,'sys:user:user',NULL,NULL),(42,'查看','5','','',NULL,3,NULL,'sys:role:role',NULL,NULL),(43,'查看','4','','',NULL,3,NULL,'sys:menu:menu',NULL,NULL),(44,'查看','16','','',NULL,3,NULL,'sys:dept:dept',NULL,NULL),(45,'查看','39','','',NULL,3,NULL,'monitor:online:online',NULL,NULL),(46,'查看','37','','',NULL,3,NULL,'monitor:system:driud',NULL,NULL),(47,'日志操作','1','/system/log','',5.00,2,NULL,'',NULL,NULL),(48,'查看','47','','',0.00,3,NULL,'sys:log:log',NULL,NULL),(49,'删除','47','','',NULL,3,NULL,'sys:log:remove',NULL,NULL),(50,'字典管理','22','/commom/dict/type','fa fa-window-restore',0.00,2,NULL,'',NULL,NULL),(52,'查看','50','','',0.00,3,NULL,'commom:dict:type',NULL,NULL),(53,'新增','50','','',1.00,3,NULL,'commom:dict:add',NULL,NULL),(54,'删除','50','','',2.00,3,NULL,'commom:dict:remove',NULL,NULL),(55,'修改','50','','',3.00,3,NULL,'commom:dict:edit',NULL,NULL),(56,'系统工具','0','','fa fa-wrench',4.00,1,NULL,'',NULL,NULL),(57,'代码生成','56','/tool/gen','fa fa-meh-o',0.00,2,NULL,'',NULL,NULL);
/*!40000 ALTER TABLE `sys_menu` ENABLE KEYS */;
UNLOCK TABLES;

--
-- Table structure for table `sys_role`
--

DROP TABLE IF EXISTS `sys_role`;
/*!40101 SET @saved_cs_client     = @@character_set_client */;
 SET character_set_client = utf8mb4 ;
CREATE TABLE `sys_role` (
  `id` varchar(50) CHARACTER SET utf8 COLLATE utf8_general_ci NOT NULL COMMENT '主键',
  `roleName` varchar(50) CHARACTER SET utf8 COLLATE utf8_general_ci NOT NULL COMMENT '角色名称',
  `roleState` int(2) DEFAULT '1' COMMENT '状态,1-启用,-1禁用',
  `createTime` datetime DEFAULT NULL COMMENT '创建时间',
  `remarks` varchar(32) DEFAULT NULL COMMENT '备注',
  PRIMARY KEY (`id`) USING BTREE
) ENGINE=InnoDB DEFAULT CHARSET=utf8 ROW_FORMAT=DYNAMIC COMMENT='角色表';
/*!40101 SET character_set_client = @saved_cs_client */;

--
-- Dumping data for table `sys_role`
--

LOCK TABLES `sys_role` WRITE;
/*!40000 ALTER TABLE `sys_role` DISABLE KEYS */;
INSERT INTO `sys_role` VALUES ('7aedf9931d8a4ff3bc46c46e811a2304','普通员工',1,'2019-04-23 12:52:21',NULL),('b1f9ce5543a049be9f169a3f5e6b72a8','超级管理员',1,'2017-09-14 15:02:16',''),('c4e182e62aca4d48a6c9b1a897551d73','测试角色',1,'2019-07-07 12:07:15','测试角色'),('ca904d80931f4c368ac1c0919d16b6ae','管理员',1,'2019-04-26 18:20:12','管理员');
/*!40000 ALTER TABLE `sys_role` ENABLE KEYS */;
UNLOCK TABLES;

--
-- Table structure for table `sys_role_menu`
--

DROP TABLE IF EXISTS `sys_role_menu`;
/*!40101 SET @saved_cs_client     = @@character_set_client */;
 SET character_set_client = utf8mb4 ;
CREATE TABLE `sys_role_menu` (
  `id` varchar(50) CHARACTER SET utf8 COLLATE utf8_general_ci NOT NULL COMMENT '主键',
  `roleId` varchar(50) CHARACTER SET utf8 COLLATE utf8_general_ci NOT NULL COMMENT '角色主键',
  `menuId` bigint(20) NOT NULL COMMENT '菜单主键',
  PRIMARY KEY (`id`) USING BTREE
) ENGINE=InnoDB DEFAULT CHARSET=utf8 ROW_FORMAT=DYNAMIC COMMENT='角色菜单关联表';
/*!40101 SET character_set_client = @saved_cs_client */;

--
-- Dumping data for table `sys_role_menu`
--

LOCK TABLES `sys_role_menu` WRITE;
/*!40000 ALTER TABLE `sys_role_menu` DISABLE KEYS */;
INSERT INTO `sys_role_menu` VALUES ('008499a118a545e5a5ebf439218402d7','b1f9ce5543a049be9f169a3f5e6b72a8',24),('013cfba956304eab9b2a73eb49a5cc8b','ca904d80931f4c368ac1c0919d16b6ae',40),('020b9348d96049bd861a3dd18b168d33','b1f9ce5543a049be9f169a3f5e6b72a8',26),('06fbc7f6db5345c3a8f8da2dadba13ff','b1f9ce5543a049be9f169a3f5e6b72a8',14),('07ecbf8b31e84a4ebd5ece1005b8ee49','b1f9ce5543a049be9f169a3f5e6b72a8',33),('0d8b56beac8b4a00838dbd4415df53e6','b1f9ce5543a049be9f169a3f5e6b72a8',12),('164da99a81574f428f9b8a3195fb4317','b1f9ce5543a049be9f169a3f5e6b72a8',45),('1a22d425da9a43e59e80a8bdef72fff4','b1f9ce5543a049be9f169a3f5e6b72a8',49),('1adb39d880284a3caf335ddc07ca0752','b1f9ce5543a049be9f169a3f5e6b72a8',31),('1e979dbb5ab6430fba915d2ddbf9af35','b1f9ce5543a049be9f169a3f5e6b72a8',27),('1f27099f8c02449cad68e9bef7bc7dd7','ca904d80931f4c368ac1c0919d16b6ae',37),('24a7faba57094108a002f54c0f2ea429','b1f9ce5543a049be9f169a3f5e6b72a8',43),('2c1a028375a34a70a6a933062cada7ff','b1f9ce5543a049be9f169a3f5e6b72a8',29),('36cfbf009bd9489c820c2f3f77d7a5a8','ca904d80931f4c368ac1c0919d16b6ae',14),('374329d0ff734339a8e7a94c737730f5','b1f9ce5543a049be9f169a3f5e6b72a8',53),('384eeec917c446e395c33b8e1fba0a2a','b1f9ce5543a049be9f169a3f5e6b72a8',56),('4394bb1d09be41fca8ca6e661b70843b','b1f9ce5543a049be9f169a3f5e6b72a8',32),('4518dd6cbaa641279650fdbdab61afdd','b1f9ce5543a049be9f169a3f5e6b72a8',41),('45af2fb7f98c4e58bac28a9d234387b8','b1f9ce5543a049be9f169a3f5e6b72a8',23),('46fa313f05c24a5693e17e6b62e991db','b1f9ce5543a049be9f169a3f5e6b72a8',30),('4bb0a0745be34857a5b3b7707903d88d','b1f9ce5543a049be9f169a3f5e6b72a8',46),('4d8fb73fba8340bfa83504c46354a13a','b1f9ce5543a049be9f169a3f5e6b72a8',55),('4f9f595b5fcb4de280c733c4d529e232','b1f9ce5543a049be9f169a3f5e6b72a8',50),('598c184d97ef41cbaa5ef60ca112cf1b','b1f9ce5543a049be9f169a3f5e6b72a8',5),('5aee76f492a6409281fb6f7ba17e8746','7aedf9931d8a4ff3bc46c46e811a2304',14),('621879db569740ce84e2f42d74880a5c','b1f9ce5543a049be9f169a3f5e6b72a8',40),('654323de4bb241f09a9e1453acdfc9fb','b1f9ce5543a049be9f169a3f5e6b72a8',25),('6893a1285d9749bcb6e8084c96815ada','b1f9ce5543a049be9f169a3f5e6b72a8',38),('6a32ba26ac604484b9b5d894486f0a58','ca904d80931f4c368ac1c0919d16b6ae',53),('6c016e6deb1d450688ba994167b50f88','b1f9ce5543a049be9f169a3f5e6b72a8',54),('6d2a887d71824922960a5c14528c0deb','ca904d80931f4c368ac1c0919d16b6ae',50),('7219124ac78647adac8a9068aabbe78e','7aedf9931d8a4ff3bc46c46e811a2304',12),('7c7a6c124fb549c9bdf0a190d649a419','ca904d80931f4c368ac1c0919d16b6ae',54),('859d5dedd04341eb996b6532fc7da8b6','b1f9ce5543a049be9f169a3f5e6b72a8',22),('86d18ec720064c9bb2d1ed3382f1fe94','b1f9ce5543a049be9f169a3f5e6b72a8',4),('89e3436c5c0840c9b85f6f0d6216ad53','ca904d80931f4c368ac1c0919d16b6ae',45),('8aa0d768b8a347a292f20ca3e8b2bff1','b1f9ce5543a049be9f169a3f5e6b72a8',1),('9328da15a9204c4f8b5c07feaaacf71d','b1f9ce5543a049be9f169a3f5e6b72a8',57),('93baa31be2cc4b09b44f42a46079c06a','b1f9ce5543a049be9f169a3f5e6b72a8',42),('97e971b5c6e54596b5e7b11182155180','b1f9ce5543a049be9f169a3f5e6b72a8',44),('acd9f725736e4f59a2a069fbb0c8b982','b1f9ce5543a049be9f169a3f5e6b72a8',37),('b28853365cc94d5292781b5ec726d231','b1f9ce5543a049be9f169a3f5e6b72a8',35),('b729412e1f0f4067822d3999ddd433b7','ca904d80931f4c368ac1c0919d16b6ae',52),('b9cc8ba51c1e46e2873b789163749039','b1f9ce5543a049be9f169a3f5e6b72a8',47),('ba14d46725e045a589cd6a26f55295e3','ca904d80931f4c368ac1c0919d16b6ae',22),('c7ba9cfb43e248f6b6ef356c8b62e192','ca904d80931f4c368ac1c0919d16b6ae',12),('c80f99e3b9c0486487862019e1ec9b7b','ca904d80931f4c368ac1c0919d16b6ae',35),('d2600acc10884bab9616f40c38f057a4','ca904d80931f4c368ac1c0919d16b6ae',46),('dae46873ec454ae3b1f96a7467907433','ca904d80931f4c368ac1c0919d16b6ae',55),('db9eae3e4b8e49119bc51cd44064529b','b1f9ce5543a049be9f169a3f5e6b72a8',52),('dcf2fe806625452593e8b1b0a459d16e','b1f9ce5543a049be9f169a3f5e6b72a8',16),('e04e798cfa42439cb8e4d2e4c1e3e747','b1f9ce5543a049be9f169a3f5e6b72a8',48),('e1d50f49ddd84190aeeb7dcf6e60c2b3','ca904d80931f4c368ac1c0919d16b6ae',39),('e67a5a45843e4a6cafaf542d4afb6440','7aedf9931d8a4ff3bc46c46e811a2304',22),('e8ba92ed0d2f444eaeb68db5424c8106','b1f9ce5543a049be9f169a3f5e6b72a8',39),('eb3273e9441e4ec98d8463512b5526be','b1f9ce5543a049be9f169a3f5e6b72a8',28),('f64012f4583c4a91b947b5e36b6a0813','b1f9ce5543a049be9f169a3f5e6b72a8',15),('f6dc9d464c784b5795c6e7fd8ac706f4','b1f9ce5543a049be9f169a3f5e6b72a8',34);
/*!40000 ALTER TABLE `sys_role_menu` ENABLE KEYS */;
UNLOCK TABLES;

--
-- Table structure for table `sys_setting`
--

DROP TABLE IF EXISTS `sys_setting`;
/*!40101 SET @saved_cs_client     = @@character_set_client */;
 SET character_set_client = utf8mb4 ;
CREATE TABLE `sys_setting` (
  `Id` varchar(50) CHARACTER SET utf8 COLLATE utf8_general_ci NOT NULL COMMENT '主键',
  `sysKey` varchar(50) CHARACTER SET utf8 COLLATE utf8_general_ci NOT NULL COMMENT 'KEY',
  `sysName` varchar(50) CHARACTER SET utf8 COLLATE utf8_general_ci NOT NULL COMMENT '名称',
  `sysValue` varchar(300) CHARACTER SET utf8 COLLATE utf8_general_ci DEFAULT NULL COMMENT '值',
  `sort` int(11) DEFAULT '0' COMMENT '排序',
  `sysDesc` varchar(300) CHARACTER SET utf8 COLLATE utf8_general_ci DEFAULT NULL COMMENT '说明',
  PRIMARY KEY (`Id`) USING BTREE
) ENGINE=InnoDB DEFAULT CHARSET=utf8 ROW_FORMAT=DYNAMIC COMMENT='系统设置表';
/*!40101 SET character_set_client = @saved_cs_client */;

--
-- Dumping data for table `sys_setting`
--

LOCK TABLES `sys_setting` WRITE;
/*!40000 ALTER TABLE `sys_setting` DISABLE KEYS */;
INSERT INTO `sys_setting` VALUES ('1','systemName','系统名称','AdminLTE-admin',0,NULL),('2','systemSubName','系统简称','AA',1,NULL),('3','bottomCopyright','许可说明','Copyright © 2017 米粒电商. All rights reserved.',2,NULL);
/*!40000 ALTER TABLE `sys_setting` ENABLE KEYS */;
UNLOCK TABLES;

--
-- Table structure for table `sys_user`
--

DROP TABLE IF EXISTS `sys_user`;
/*!40101 SET @saved_cs_client     = @@character_set_client */;
 SET character_set_client = utf8mb4 ;
CREATE TABLE `sys_user` (
  `id` varchar(50) CHARACTER SET utf8 COLLATE utf8_general_ci NOT NULL COMMENT '主键',
  `userName` varchar(50) CHARACTER SET utf8 COLLATE utf8_general_ci NOT NULL COMMENT '用户名',
  `password` varchar(50) CHARACTER SET utf8 COLLATE utf8_general_ci NOT NULL COMMENT '密码',
  `email` varchar(32) CHARACTER SET utf8 COLLATE utf8_general_ci DEFAULT NULL COMMENT '邮箱',
  `userState` int(2) NOT NULL DEFAULT '1' COMMENT '用户状态,1-启用,-1禁用',
  `createTime` datetime DEFAULT NULL COMMENT '创建时间',
  `userImg` varchar(300) CHARACTER SET utf8 COLLATE utf8_general_ci DEFAULT 'http://news.mydrivers.com/Img/20110518/04481549.png' COMMENT '头像',
  `deptId` bigint(20) DEFAULT NULL COMMENT '部门主键',
  `remarks` varchar(32) DEFAULT NULL COMMENT '备注',
  PRIMARY KEY (`id`) USING BTREE
) ENGINE=InnoDB DEFAULT CHARSET=utf8 ROW_FORMAT=DYNAMIC COMMENT='用户表';
/*!40101 SET character_set_client = @saved_cs_client */;

--
-- Dumping data for table `sys_user`
--

LOCK TABLES `sys_user` WRITE;
/*!40000 ALTER TABLE `sys_user` DISABLE KEYS */;
INSERT INTO `sys_user` VALUES ('61eb24f91a1049afa78716d23c79e080','xixi','dc2e0e1ad4c8acc62f87cbbf7a0e05da',NULL,1,'2019-06-20 03:27:21','http://news.mydrivers.com/Img/20110518/04481549.png',6,'width: \'10%\',普通员工'),('c79ba431f9f74dfbae585b87b0cde933','admin','038bdaf98f2037b31f1e75b5b4c9b26e',NULL,1,'2017-09-14 15:02:17','http://news.mydrivers.com/Img/20110518/04481549.png',4,'普通员工 超级管理员 测试角色 管理员'),('e4f9291a3e9b4a3d9baf2b3e67245b98','dd','ccba00ea77381b70945691f54e56b53e',NULL,1,'2019-07-07 08:02:24','http://news.mydrivers.com/Img/20110518/04481549.png',6,'dd');
/*!40000 ALTER TABLE `sys_user` ENABLE KEYS */;
UNLOCK TABLES;

--
-- Table structure for table `sys_user_role`
--

DROP TABLE IF EXISTS `sys_user_role`;
/*!40101 SET @saved_cs_client     = @@character_set_client */;
 SET character_set_client = utf8mb4 ;
CREATE TABLE `sys_user_role` (
  `Id` varchar(50) CHARACTER SET utf8 COLLATE utf8_general_ci NOT NULL COMMENT '主键',
  `userId` varchar(50) CHARACTER SET utf8 COLLATE utf8_general_ci NOT NULL COMMENT '用户主键',
  `roleId` varchar(50) CHARACTER SET utf8 COLLATE utf8_general_ci NOT NULL COMMENT '角色主键',
  PRIMARY KEY (`Id`) USING BTREE
) ENGINE=InnoDB DEFAULT CHARSET=utf8 ROW_FORMAT=DYNAMIC COMMENT='用户角色关联表';
/*!40101 SET character_set_client = @saved_cs_client */;

--
-- Dumping data for table `sys_user_role`
--

LOCK TABLES `sys_user_role` WRITE;
/*!40000 ALTER TABLE `sys_user_role` DISABLE KEYS */;
INSERT INTO `sys_user_role` VALUES ('179bd345ef1c41b7a18303cf373735d9','c79ba431f9f74dfbae585b87b0cde933','ca904d80931f4c368ac1c0919d16b6ae'),('390a5e42eb3246dcb77164fe4eb51c0a','61eb24f91a1049afa78716d23c79e080','ca904d80931f4c368ac1c0919d16b6ae'),('555592f5aeaf48c98c3364690ccf3c59','61eb24f91a1049afa78716d23c79e080','7aedf9931d8a4ff3bc46c46e811a2304'),('b96432e7bd8d4ce4b2662cde2b1dc761','e4f9291a3e9b4a3d9baf2b3e67245b98','c4e182e62aca4d48a6c9b1a897551d73'),('c5db4554c1ca4366b8eb8ad753c6bbed','c79ba431f9f74dfbae585b87b0cde933','7aedf9931d8a4ff3bc46c46e811a2304'),('e3c89c7bfe474a7f9747929ef3fa473b','c79ba431f9f74dfbae585b87b0cde933','b1f9ce5543a049be9f169a3f5e6b72a8'),('e8a861fd530e424abcf0d6e0b056e9f8','e4f9291a3e9b4a3d9baf2b3e67245b98','ca904d80931f4c368ac1c0919d16b6ae');
/*!40000 ALTER TABLE `sys_user_role` ENABLE KEYS */;
UNLOCK TABLES;
/*!40103 SET TIME_ZONE=@OLD_TIME_ZONE */;

/*!40101 SET SQL_MODE=@OLD_SQL_MODE */;
/*!40014 SET FOREIGN_KEY_CHECKS=@OLD_FOREIGN_KEY_CHECKS */;
/*!40014 SET UNIQUE_CHECKS=@OLD_UNIQUE_CHECKS */;
/*!40101 SET CHARACTER_SET_CLIENT=@OLD_CHARACTER_SET_CLIENT */;
/*!40101 SET CHARACTER_SET_RESULTS=@OLD_CHARACTER_SET_RESULTS */;
/*!40101 SET COLLATION_CONNECTION=@OLD_COLLATION_CONNECTION */;
/*!40111 SET SQL_NOTES=@OLD_SQL_NOTES */;

-- Dump completed on 2019-07-08  3:55:19
